-- phpMyAdmin SQL Dump
-- version 4.4.15.10
-- https://www.phpmyadmin.net
--
-- Host: localhost
-- Generation Time: 2021-01-22 13:36:19
-- 服务器版本： 5.6.50-log
-- PHP Version: 5.6.40

SET SQL_MODE = "NO_AUTO_VALUE_ON_ZERO";
SET time_zone = "+00:00";


/*!40101 SET @OLD_CHARACTER_SET_CLIENT=@@CHARACTER_SET_CLIENT */;
/*!40101 SET @OLD_CHARACTER_SET_RESULTS=@@CHARACTER_SET_RESULTS */;
/*!40101 SET @OLD_COLLATION_CONNECTION=@@COLLATION_CONNECTION */;
/*!40101 SET NAMES utf8mb4 */;

--
-- Database: `jg2020`
--

-- --------------------------------------------------------

--
-- 表的结构 `codepay_order`
--

CREATE TABLE IF NOT EXISTS `codepay_order` (
  `id` int(11) unsigned NOT NULL,
  `pay_id` varchar(50) NOT NULL COMMENT '用户ID或订单ID',
  `money` decimal(6,2) unsigned NOT NULL COMMENT '实际金额',
  `price` decimal(6,2) unsigned NOT NULL COMMENT '原价',
  `type` int(1) NOT NULL DEFAULT '1' COMMENT '支付方式',
  `pay_no` varchar(100) NOT NULL COMMENT '流水号',
  `param` varchar(200) DEFAULT NULL COMMENT '自定义参数',
  `pay_time` bigint(11) NOT NULL DEFAULT '0' COMMENT '付款时间',
  `pay_tag` varchar(100) NOT NULL DEFAULT '0' COMMENT '金额的备注',
  `status` int(1) NOT NULL DEFAULT '0' COMMENT '订单状态',
  `creat_time` bigint(11) NOT NULL DEFAULT '0' COMMENT '创建时间',
  `up_time` timestamp NOT NULL DEFAULT CURRENT_TIMESTAMP ON UPDATE CURRENT_TIMESTAMP COMMENT '更新时间'
) ENGINE=InnoDB AUTO_INCREMENT=97 DEFAULT CHARSET=utf8 COMMENT='用于区分是否已经处理';

--
-- 转存表中的数据 `codepay_order`
--

INSERT INTO `codepay_order` (`id`, `pay_id`, `money`, `price`, `type`, `pay_no`, `param`, `pay_time`, `pay_tag`, `status`, `creat_time`, `up_time`) VALUES
(61, '18888888888', '0.01', '0.01', 1, '', '', 0, '在线充值', 0, 1542575530, '2018-11-18 21:12:10'),
(83, '18888888888', '0.01', '0.01', 1, '20181120200040011100480011755177', NULL, 1542690568, '0', 2, 1542690571, '2018-11-20 05:09:32'),
(84, '18888888888', '0.01', '0.01', 1, '20181120200040011100480011765209', NULL, 1542690168, '0', 2, 1542690572, '2018-11-20 05:09:32'),
(86, '18888888888', '0.03', '0.02', 1, '20181120200040011100480011820440', NULL, 1542689460, '0', 2, 1542690572, '2018-11-20 05:09:33'),
(87, '18888888888', '0.01', '0.01', 1, '20181120200040011100480011703815', NULL, 1542684886, '0', 2, 1542690573, '2018-11-20 05:09:34'),
(88, '18888888888', '0.01', '0.01', 1, '20181119200040011100480010795387', NULL, 1542575635, '0', 2, 1542690574, '2018-11-20 05:09:34'),
(89, '18888888888', '0.05', '0.05', 1, '20181118200040011100480010511770', NULL, 1542533854, '0', 2, 1542690574, '2018-11-20 05:09:35'),
(90, '18888888888', '0.03', '0.03', 1, '20181118200040011100480010449698', NULL, 1542533652, '0', 2, 1542690575, '2018-11-20 05:09:36'),
(91, '18888888888', '0.01', '0.01', 1, '20181118200040011100480010466939', NULL, 1542533171, '0', 2, 1542690576, '2018-11-20 05:09:36'),
(92, '18888888888', '0.02', '0.02', 1, '20181118200040011100480010514295', NULL, 1542532980, '0', 2, 1542690576, '2018-11-20 05:09:36'),
(93, '15581920309', '0.02', '0.02', 1, '20181121200040011100830016274404', NULL, 1542771130, '0', 2, 1542771326, '2018-11-21 03:35:27'),
(94, '15581920309', '0.02', '0.02', 1, '20181121200040011100830016297279', NULL, 1542771566, '0', 2, 1542771628, '2018-11-21 03:40:29'),
(96, '15581920309', '20.00', '20.00', 3, '1000050301201811212610397381519', NULL, 1542772845, '0', 2, 1542772833, '2018-11-21 04:00:33');

-- --------------------------------------------------------

--
-- 表的结构 `codepay_user`
--

CREATE TABLE IF NOT EXISTS `codepay_user` (
  `id` int(10) NOT NULL COMMENT '用户ID',
  `user` varchar(100) NOT NULL DEFAULT '' COMMENT '用户名',
  `money` decimal(6,2) NOT NULL DEFAULT '0.00' COMMENT '金额',
  `vip` int(1) NOT NULL DEFAULT '0' COMMENT '会员开通',
  `status` int(1) NOT NULL DEFAULT '0' COMMENT '会员状态'
) ENGINE=InnoDB AUTO_INCREMENT=2 DEFAULT CHARSET=utf8;

--
-- 转存表中的数据 `codepay_user`
--

INSERT INTO `codepay_user` (`id`, `user`, `money`, `vip`, `status`) VALUES
(1, 'admin', '0.00', 0, 0);

-- --------------------------------------------------------

--
-- 表的结构 `ds_announce`
--

CREATE TABLE IF NOT EXISTS `ds_announce` (
  `id` int(10) unsigned NOT NULL,
  `title` char(60) NOT NULL DEFAULT '' COMMENT '标题',
  `content` text NOT NULL COMMENT '内容',
  `operator` varchar(45) NOT NULL DEFAULT '' COMMENT '发布人',
  `addtime` int(10) unsigned NOT NULL DEFAULT '0' COMMENT '添加时间',
  `edittime` int(10) unsigned NOT NULL DEFAULT '0' COMMENT '修改时间',
  `image` varchar(255) NOT NULL COMMENT '标题图像',
  `viewer` varchar(10) NOT NULL DEFAULT 'all' COMMENT '查看权限 all:所有人  member:会员  center:报单中心 ',
  `tid` int(10) unsigned NOT NULL COMMENT '类别ID'
) ENGINE=MyISAM AUTO_INCREMENT=152 DEFAULT CHARSET=utf8 AVG_ROW_LENGTH=755 ROW_FORMAT=DYNAMIC COMMENT='公告信息表';

-- --------------------------------------------------------

--
-- 表的结构 `ds_announcetype`
--

CREATE TABLE IF NOT EXISTS `ds_announcetype` (
  `id` int(10) unsigned NOT NULL COMMENT '类别ID',
  `name` varchar(45) NOT NULL DEFAULT ''
) ENGINE=MyISAM AUTO_INCREMENT=13 DEFAULT CHARSET=utf8 AVG_ROW_LENGTH=24 ROW_FORMAT=DYNAMIC COMMENT='公告类别';

--
-- 转存表中的数据 `ds_announcetype`
--

INSERT INTO `ds_announcetype` (`id`, `name`) VALUES
(1, '每日早报'),
(2, '新手入门'),
(3, '会员答疑'),
(4, '教程');

-- --------------------------------------------------------

--
-- 表的结构 `ds_announce_click`
--

CREATE TABLE IF NOT EXISTS `ds_announce_click` (
  `id` int(11) unsigned NOT NULL,
  `user_id` int(11) NOT NULL,
  `news_id` int(11) NOT NULL
) ENGINE=MyISAM AUTO_INCREMENT=131519 DEFAULT CHARSET=utf8;

-- --------------------------------------------------------

--
-- 表的结构 `ds_auth_group`
--

CREATE TABLE IF NOT EXISTS `ds_auth_group` (
  `id` mediumint(8) unsigned NOT NULL,
  `title` char(100) NOT NULL DEFAULT '',
  `status` tinyint(1) NOT NULL DEFAULT '1',
  `rules` varchar(500) NOT NULL DEFAULT '',
  `description` char(50) NOT NULL DEFAULT ''
) ENGINE=MyISAM AUTO_INCREMENT=11 DEFAULT CHARSET=utf8;

--
-- 转存表中的数据 `ds_auth_group`
--

INSERT INTO `ds_auth_group` (`id`, `title`, `status`, `rules`, `description`) VALUES
(7, '首页管理员', 1, '13,14,15,16,17,18,19,20,21,22,23,24,25,26,9', '能够管理首页推荐位'),
(4, '超级管理员', 1, '13,14,15,16,17,18,19,20,21,22,23,24,25,26,89,27,28,29,30,31,32,80,81,33,34,35,36,37,38,39,41,42,43,44,45,46,47,48,49,50,51,52,82,83,84,85,87,88,9,10,11,12,86,62,63,64,65,66,67,68,69,70,71,72,73,74,75,76,77,78,7913,14,15,16,17,18,19,20,21,22,23,24,25,26,89,27,28,29,30,31,32,80,81,33,34,35,36,37,38,39,41,42,43,44,45,46,47,48,49,50,51,52,82,83,84,85,87,88,9,10,11,12,86,62,63,64,65,66,67,68,69,70,71,72,73,74,75,76,77,78,79', '拥有所有权限的管理员'),
(8, '广告管理员', 1, '27,28,29,30,31,32,9', '管理全部广告'),
(9, '分类管理员', 1, '33,34,35,36,37,38,39,40,41,42,43,44,45,46,47,48,49,50,51,52,9', '分类管理员'),
(10, '优惠券管理', 1, '53,54,55,56,57,58,59,60', '优惠券管理');

-- --------------------------------------------------------

--
-- 表的结构 `ds_auth_group_access`
--

CREATE TABLE IF NOT EXISTS `ds_auth_group_access` (
  `uid` mediumint(8) unsigned NOT NULL,
  `group_id` mediumint(8) unsigned NOT NULL
) ENGINE=MyISAM DEFAULT CHARSET=utf8;

--
-- 转存表中的数据 `ds_auth_group_access`
--

INSERT INTO `ds_auth_group_access` (`uid`, `group_id`) VALUES
(2651, 4);

-- --------------------------------------------------------

--
-- 表的结构 `ds_auth_rule`
--

CREATE TABLE IF NOT EXISTS `ds_auth_rule` (
  `id` mediumint(8) unsigned NOT NULL,
  `name` char(80) NOT NULL DEFAULT '',
  `title` char(20) NOT NULL DEFAULT '',
  `type` tinyint(1) NOT NULL DEFAULT '1',
  `status` tinyint(1) NOT NULL DEFAULT '1',
  `condition` char(100) NOT NULL DEFAULT '',
  `mid` tinyint(3) unsigned NOT NULL DEFAULT '0'
) ENGINE=MyISAM AUTO_INCREMENT=92 DEFAULT CHARSET=utf8;

--
-- 转存表中的数据 `ds_auth_rule`
--

INSERT INTO `ds_auth_rule` (`id`, `name`, `title`, `type`, `status`, `condition`, `mid`) VALUES
(9, 'Admin/Index/index', '登录首页', 1, 1, '', 9),
(10, 'Admin/Websetting/index', '基础配置', 1, 1, '', 9),
(11, 'Admin/Navsetting/index', '导航配置', 1, 1, '', 9),
(12, 'Admin/Friendlink/index', '友情链接配置', 1, 1, '', 9),
(13, 'Admin/Indexset/index', '查看首页管理', 1, 1, '', 1),
(14, 'Admin/Indexset/addFloor', '添加楼层', 1, 1, '', 1),
(15, 'Admin/Indexset/modifyFloor', '修改楼层', 1, 1, '', 1),
(16, 'Admin/Indexset/deleteFloor', '删除楼层', 1, 1, '', 1),
(17, 'Admin/Indexset/loadData', '显示楼层图片广告', 1, 1, '', 1),
(18, 'Admin/Indexset/viewClass', '查看可添加楼层', 1, 1, '', 1),
(19, 'Admin/Indexset/editAd', '修改楼层广告', 1, 1, '', 1),
(20, 'Admin/Indexset/insertAd', '添加楼层广告', 1, 1, '', 1),
(21, 'Admin/Indexset/deleteAd', '删除楼层广告', 1, 1, '', 1),
(22, 'Admin/Indexset/createPic', '添加楼层广告页面', 1, 1, '', 1),
(23, 'Admin/Indexset/createText', '添加楼层文字广告页面', 1, 1, '', 1),
(24, 'Admin/Indexset/editPic', '修改楼层广告页面', 1, 1, '', 1),
(25, 'Admin/Indexset/editText', '修改楼层文字广告页面', 1, 1, '', 1),
(26, 'Admin/Indexset/loadText', '显示楼层文字广告', 1, 1, '', 1),
(27, 'Admin/Adset/index', '广告管理首页', 1, 1, '', 2),
(28, 'Admin/Adset/createAd', '广告添加页面', 1, 1, '', 2),
(29, 'Admin/Adset/insertAd', '广告添加', 1, 1, '', 2),
(30, 'Admin/Adset/editAd', '广告修改页面', 1, 1, '', 2),
(31, 'Admin/Adset/updataAd', '广告修改', 1, 1, '', 2),
(32, 'Admin/Adset/deleteAd', '广告删除', 1, 1, '', 2),
(33, 'Admin/GoodsClass/index', '商品分类显示', 1, 1, '', 4),
(34, 'Admin/GoodsClass/addClass', '商品分类添加页面', 1, 1, '', 4),
(35, 'Admin/GoodsClass/modifyClass', '商品分类修改页面', 1, 1, '', 4),
(36, 'Admin/GoodsClass/insertClass', '商品分类添加', 1, 1, '', 4),
(37, 'Admin/GoodsClass/updataClass', '商品分类修改', 1, 1, '', 4),
(38, 'Admin/GoodsClass/deleteClass', '商品分类删除', 1, 1, '', 4),
(39, 'Admin/GoodsClass/viewClassId', '商品分类显示分类id', 1, 1, '', 4),
(41, 'Admin/Goodsattr/index', '商品属性查看', 1, 1, '', 4),
(42, 'Admin/Goodsattr/addAttr', '商品属性添加页面', 1, 1, '', 4),
(43, 'Admin/Goodsattr/modifyAttr', '商品属性修改页面', 1, 1, '', 4),
(44, 'Admin/Goodsattr/insertAttr', '商品属性添加', 1, 1, '', 4),
(45, 'Admin/Goodsattr/updataAttr', '商品属性修改', 1, 1, '', 4),
(46, 'Admin/Goodsattr/deleteAttr', '商品属性删除', 1, 1, '', 4),
(47, 'Admin/Goodsbrand/index', '商品品牌查看', 1, 1, '', 4),
(48, 'Admin/Goodsbrand/addBrand', '商品品牌添加页面', 1, 1, '', 4),
(49, 'Admin/Goodsbrand/modifyBrand', '商品品牌修改页面', 1, 1, '', 4),
(50, 'Admin/Goodsbrand/insertBrand', '商品品牌添加', 1, 1, '', 4),
(51, 'Admin/Goodsbrand/updataBrand', '商品品牌修改', 1, 1, '', 4),
(52, 'Admin/Goodsbrand/deleteBrand', '商品品牌删除', 1, 1, '', 4),
(53, 'Admin/Couponmanage/index', '显示优惠券组列表', 1, 1, '', 7),
(54, 'Admin/Couponmanage/coupons', '优惠券详情列表', 1, 1, '', 7),
(55, 'Admin/Couponmanage/addCoupon', '添加优惠券', 1, 1, '', 7),
(56, 'Admin/Couponmanage/modifyCoupon', '修改优惠券', 1, 1, '', 7),
(57, 'Admin/Couponmanage/insertCoupon', '优惠券添加', 1, 1, '', 7),
(58, 'Admin/Couponmanage/updataCoupon', '优惠券修改', 1, 1, '', 7),
(59, 'Admin/Couponmanage/deleteCoupon', '删除优惠券', 1, 1, '', 7),
(60, 'Admin/Couponmanage/couponState', '更新优惠券状态', 1, 1, '', 7),
(62, 'Admin/Accesslist/index', '权限列表页面', 1, 1, '', 10),
(63, 'Admin/Accesslist/addAccess', '权限添加页面', 1, 1, '', 10),
(64, 'Admin/Accesslist/modifyAccess', '权限修改页面', 1, 1, '', 10),
(65, 'Admin/Accesslist/insertAccess', '权限添加', 1, 1, '', 10),
(66, 'Admin/Accesslist/updataAccess', '权限修改', 1, 1, '', 10),
(67, 'Admin/Accesslist/deleteAccess', '权限删除', 1, 1, '', 10),
(68, 'Admin/Accesslist/accessState', '权限状态更新', 1, 1, '', 10),
(69, 'Admin/Grouplist/index', '角色管理页面', 1, 1, '', 10),
(70, 'Admin/Grouplist/addGroup', '角色添加页面', 1, 1, '', 10),
(71, 'Admin/Grouplist/modifyGroup', '角色修改页面', 1, 1, '', 10),
(72, 'Admin/Grouplist/insertGroup', '角色添加', 1, 1, '', 10),
(73, 'Admin/Grouplist/updataGroup', '角色修改', 1, 1, '', 10),
(74, 'Admin/Grouplist/deleteGroup', '角色删除', 1, 1, '', 10),
(75, 'Admin/Grouplist/groupState', '角色状态更新', 1, 1, '', 10),
(76, 'Admin/Grouplist/groupMem', '角色成员管理页面', 1, 1, '', 10),
(77, 'Admin/Grouplist/addMem', '角色成员添加页面', 1, 1, '', 10),
(78, 'Admin/Grouplist/insertMem', '角色成员添加', 1, 1, '', 10),
(79, 'Admin/Grouplist/deleteMem', '角色成员删除', 1, 1, '', 10),
(80, 'Admin/Member/index', '用户管理', 1, 1, '', 3),
(81, 'Admin/Memlevel/index', '用户等级', 1, 1, '', 3),
(82, 'Admin/Goodsissue/index', '商品发布', 1, 1, '', 5),
(83, 'Admin/Goodsup/index', '商品上架', 1, 1, '', 5),
(84, 'Admin/Goodsdown/index', '商品下架', 1, 1, '', 5),
(85, 'Admin/Ordermanage/index', '订单管理', 1, 1, '', 6),
(86, 'Admin/Reviewmanage/index', '评价管理', 1, 1, '', 9),
(87, 'Admin/Articleclasses/index', '文章分类', 1, 1, '', 8),
(88, 'Admin/Articlemanage/index', '文章管理', 1, 1, '', 8),
(89, 'Admin/index/mang', '网站管理', 1, 1, '', 1);

-- --------------------------------------------------------

--
-- 表的结构 `ds_bankcard`
--

CREATE TABLE IF NOT EXISTS `ds_bankcard` (
  `id` int(11) NOT NULL,
  `userid` int(11) DEFAULT NULL,
  `name` varchar(200) DEFAULT NULL COMMENT '中文名',
  `card` varchar(100) DEFAULT NULL,
  `kaihuhang` varchar(100) DEFAULT NULL
) ENGINE=MyISAM AUTO_INCREMENT=824 DEFAULT CHARSET=utf8 ROW_FORMAT=DYNAMIC;

--
-- 转存表中的数据 `ds_bankcard`
--

INSERT INTO `ds_bankcard` (`id`, `userid`, `name`, `card`, `kaihuhang`) VALUES
(821, 1, '中国建设银行', '6217000360005195688', '开户行啊'),
(823, 158148, '中国工商银行', '131321321321231', '12132132123');

-- --------------------------------------------------------

--
-- 表的结构 `ds_banner`
--

CREATE TABLE IF NOT EXISTS `ds_banner` (
  `id` int(11) NOT NULL,
  `path` varchar(100) NOT NULL,
  `href` varchar(100) DEFAULT NULL,
  `addtime` int(10) DEFAULT NULL,
  `sort` int(10) DEFAULT NULL
) ENGINE=MyISAM AUTO_INCREMENT=8 DEFAULT CHARSET=utf8 ROW_FORMAT=DYNAMIC;

--
-- 转存表中的数据 `ds_banner`
--

INSERT INTO `ds_banner` (`id`, `path`, `href`, `addtime`, `sort`) VALUES
(1, '/Public/Uploads/20181117/1.jpg', '#', NULL, NULL),
(2, '/Public/Uploads/20181117/2.jpg', '#', NULL, NULL),
(6, '/Public/Uploads/20210112/5ffd373b98c8c.jpg', '', NULL, NULL),
(5, '/Public/Uploads/20210112/5ffd36de7baa2.jpg', '', NULL, NULL),
(7, '/Public/Uploads/20210112/5ffd375709f8c.jpg', '', NULL, NULL);

-- --------------------------------------------------------

--
-- 表的结构 `ds_complete`
--

CREATE TABLE IF NOT EXISTS `ds_complete` (
  `id` int(11) unsigned NOT NULL,
  `username` varchar(255) CHARACTER SET utf8 COLLATE utf8_bin DEFAULT NULL COMMENT '会员编号',
  `pic` varchar(100) NOT NULL COMMENT '头像',
  `jinbi` decimal(10,2) DEFAULT NULL,
  `status` tinyint(4) DEFAULT '0',
  `addtime` int(10) NOT NULL COMMENT '发布时间'
) ENGINE=MyISAM AUTO_INCREMENT=20115 DEFAULT CHARSET=utf8 AVG_ROW_LENGTH=278 ROW_FORMAT=DYNAMIC COMMENT='会员';

--
-- 转存表中的数据 `ds_complete`
--

INSERT INTO `ds_complete` (`id`, `username`, `pic`, `jinbi`, `status`, `addtime`) VALUES
(20113, '18888888888', '/Public/Uploads/1559017160770.png', '10.00', 1, 1559017161),
(20114, '18888888888', '/Public/Uploads/1559213060427.png', '10.00', 0, 1559213061);

-- --------------------------------------------------------

--
-- 表的结构 `ds_emoneydetail`
--

CREATE TABLE IF NOT EXISTS `ds_emoneydetail` (
  `id` int(10) unsigned NOT NULL,
  `username` varchar(20) NOT NULL COMMENT '会员号',
  `mode` varchar(100) DEFAULT NULL,
  `amount` decimal(10,0) NOT NULL COMMENT '提现金额',
  `charge` decimal(15,0) DEFAULT NULL COMMENT '手续费',
  `payment` decimal(10,0) DEFAULT NULL COMMENT '实际支付',
  `kaihuhang` varchar(100) DEFAULT NULL,
  `card` varchar(255) NOT NULL COMMENT '提现银行卡',
  `wei` varchar(255) DEFAULT NULL,
  `zhifu` varchar(255) DEFAULT NULL,
  `addtime` int(10) DEFAULT NULL COMMENT '提现时间',
  `type` int(4) NOT NULL DEFAULT '0' COMMENT '状态',
  `remark` varchar(100) NOT NULL COMMENT '描述',
  `status` int(4) DEFAULT '0'
) ENGINE=MyISAM AUTO_INCREMENT=29 DEFAULT CHARSET=utf8 ROW_FORMAT=DYNAMIC;

--
-- 转存表中的数据 `ds_emoneydetail`
--

INSERT INTO `ds_emoneydetail` (`id`, `username`, `mode`, `amount`, `charge`, `payment`, `kaihuhang`, `card`, `wei`, `zhifu`, `addtime`, `type`, `remark`, `status`) VALUES
(22, '18888888888', '2', '500', '50', '450', NULL, '', NULL, '/Public/Uploads//1545382386482.jpg', 1545382985, 2, '申请提现500元,扣除50作为手续费扣除', 1),
(23, '18888888888', '3', '500', '50', '450', NULL, '', '/Public/erwei/18888888888.png', NULL, 1545383003, 3, '申请提现500元,扣除50作为手续费扣除', 1),
(24, '18888888888', '中国建设银行', '500', '50', '450', '开户行啊', '6217000360005195688', NULL, NULL, 1545383024, 1, '申请提现500元,扣除50作为手续费扣除', 1),
(25, '18888888888', '2', '50', '2', '48', NULL, '', NULL, '/Public/Uploads//1545382386482.jpg', 1559197430, 2, '申请提现50元,扣除2作为手续费扣除', 1),
(26, '13073884398', '2', '50', '2', '48', NULL, '', NULL, '/Public/Uploads/1561200477328.jpg', 1561200485, 2, '申请提现50元,扣除2作为手续费扣除', 1),
(27, '18888888888', '2', '1000', '50', '950', NULL, '', NULL, '/Public/Uploads/1570444737759.jpg', 1570444765, 2, '申请提现1000元,扣除50作为手续费扣除', 1),
(28, '18888888888', '中国工商银行', '50', '2', '48', '12132132123', '131321321321231', NULL, NULL, 1570445166, 1, '申请提现50元,扣除2作为手续费扣除', 0);

-- --------------------------------------------------------

--
-- 表的结构 `ds_jinbidetail`
--

CREATE TABLE IF NOT EXISTS `ds_jinbidetail` (
  `id` int(11) unsigned NOT NULL,
  `jid` int(10) unsigned NOT NULL DEFAULT '0',
  `type` tinyint(4) NOT NULL DEFAULT '0',
  `tgaward` varchar(255) DEFAULT NULL,
  `member` varchar(255) DEFAULT '' COMMENT '会员编号',
  `adds` decimal(15,5) unsigned DEFAULT '0.00000' COMMENT '添加',
  `reduce` decimal(15,5) unsigned DEFAULT '0.00000' COMMENT '减少',
  `balance` decimal(15,5) unsigned DEFAULT '0.00000' COMMENT '余额',
  `addtime` int(10) DEFAULT '0' COMMENT '操作时间',
  `statustime` int(11) unsigned NOT NULL DEFAULT '0',
  `desc` varchar(255) DEFAULT '' COMMENT '说明',
  `status` tinyint(4) NOT NULL DEFAULT '1'
) ENGINE=MyISAM AUTO_INCREMENT=514783 DEFAULT CHARSET=utf8 AVG_ROW_LENGTH=68 ROW_FORMAT=DYNAMIC COMMENT='金币明细';

--
-- 转存表中的数据 `ds_jinbidetail`
--

INSERT INTO `ds_jinbidetail` (`id`, `jid`, `type`, `tgaward`, `member`, `adds`, `reduce`, `balance`, `addtime`, `statustime`, `desc`, `status`) VALUES
(514586, 0, 2, '18888888888', '0', '12.00000', '0.00000', '0.00000', 1570527996, 0, '1级购买奖励', 1),
(514587, 0, 2, '18888888888', '', '7.00000', '0.00000', '0.00000', 1570527996, 0, '2级购买奖励', 1),
(514588, 0, 2, '18888888888', '', '4.00000', '0.00000', '0.00000', 1570527996, 0, '3级购买奖励', 1),
(514589, 31512, 1, NULL, '18888888888', '27.20683', '0.00000', '27091.59000', 1570528788, 0, '光伏发电收益', 1),
(514590, 0, 2, '18888888888', '', '13.60342', '0.00000', '0.00000', 1570528788, 0, '1级收益奖励', 1),
(514591, 0, 2, '18888888888', '', '6.80171', '0.00000', '0.00000', 1570528788, 0, '2级收益奖励', 1),
(514592, 0, 2, '18888888888', '', '1.36034', '0.00000', '0.00000', 1570528788, 0, '3级收益奖励', 1),
(514593, 31510, 1, NULL, '18888888888', '114.73736', '0.00000', '27206.33000', 1570544929, 0, '光伏发电收益', 1),
(514594, 0, 2, '18888888888', '', '57.36868', '0.00000', '0.00000', 1570544929, 0, '1级收益奖励', 1),
(514595, 0, 2, '18888888888', '', '28.68434', '0.00000', '0.00000', 1570544929, 0, '2级收益奖励', 1),
(514596, 0, 2, '18888888888', '', '5.73687', '0.00000', '0.00000', 1570544929, 0, '3级收益奖励', 1),
(514597, 31508, 1, NULL, '18888888888', '64.57591', '0.00000', '27270.91000', 1570544948, 0, '光伏发电收益', 1),
(514598, 0, 2, '18888888888', '', '32.28796', '0.00000', '0.00000', 1570544948, 0, '1级收益奖励', 1),
(514599, 0, 2, '18888888888', '', '16.14398', '0.00000', '0.00000', 1570544948, 0, '2级收益奖励', 1),
(514600, 0, 2, '18888888888', '', '3.22880', '0.00000', '0.00000', 1570544948, 0, '3级收益奖励', 1),
(514601, 31509, 1, NULL, '18888888888', '64.37259', '0.00000', '27335.28000', 1570544964, 0, '光伏发电收益', 1),
(514602, 0, 2, '18888888888', '', '32.18629', '0.00000', '0.00000', 1570544964, 0, '1级收益奖励', 1),
(514603, 0, 2, '18888888888', '', '16.09315', '0.00000', '0.00000', 1570544964, 0, '2级收益奖励', 1),
(514604, 0, 2, '18888888888', '', '3.21863', '0.00000', '0.00000', 1570544964, 0, '3级收益奖励', 1),
(514605, 31495, 1, NULL, '18888888888', '0.00000', '0.00000', '27335.28000', 1570544979, 0, '光伏发电收益', 1),
(514606, 0, 2, '18888888888', '', '0.00000', '0.00000', '0.00000', 1570544979, 0, '1级收益奖励', 1),
(514607, 0, 2, '18888888888', '', '0.00000', '0.00000', '0.00000', 1570544979, 0, '2级收益奖励', 1),
(514608, 0, 2, '18888888888', '', '0.00000', '0.00000', '0.00000', 1570544979, 0, '3级收益奖励', 1),
(514609, 31491, 1, NULL, '18888888888', '0.00000', '0.00000', '27335.28000', 1570544985, 0, '光伏发电收益', 1),
(514610, 0, 2, '18888888888', '', '0.00000', '0.00000', '0.00000', 1570544985, 0, '1级收益奖励', 1),
(514611, 0, 2, '18888888888', '', '0.00000', '0.00000', '0.00000', 1570544985, 0, '2级收益奖励', 1),
(514612, 0, 2, '18888888888', '', '0.00000', '0.00000', '0.00000', 1570544985, 0, '3级收益奖励', 1),
(514613, 0, 0, NULL, '18888888888', '0.00000', '21.00000', '27314.28000', 1570560277, 0, '购买太阳能光伏（1800W）', 1),
(514614, 0, 2, '18888888888', '0', '12.00000', '0.00000', '0.00000', 1570560277, 0, '1级购买奖励', 1),
(514615, 0, 2, '18888888888', '', '7.00000', '0.00000', '0.00000', 1570560277, 0, '2级购买奖励', 1),
(514616, 0, 2, '18888888888', '', '4.00000', '0.00000', '0.00000', 1570560277, 0, '3级购买奖励', 1),
(514617, 0, 0, NULL, '17606651551', '0.00000', '21.00000', '58.00000', 1601276123, 0, '购买太阳能光伏（1800W）', 1),
(514618, 0, 2, '17606651551', '18888888888', '20.00000', '0.00000', '27334.28000', 1601276123, 0, '1级购买奖励', 1),
(514619, 0, 2, '17606651551', '', '7.00000', '0.00000', '0.00000', 1601276123, 0, '2级购买奖励', 1),
(514620, 0, 2, '17606651551', '', '4.00000', '0.00000', '0.00000', 1601276123, 0, '3级购买奖励', 1),
(514621, 0, 0, NULL, '17606651551', '10000.00000', '0.00000', '10058.00000', 1610383034, 0, '平台充值', 1),
(514622, 31515, 1, NULL, '17606651551', '835.20000', '0.00000', '10893.20000', 1610427463, 0, '太阳能光伏收益', 1),
(514623, 0, 2, '17606651551', '18888888888', '417.60000', '0.00000', '27751.88000', 1610427463, 0, '1级收益奖励', 1),
(514624, 0, 2, '17606651551', '', '208.80000', '0.00000', '0.00000', 1610427463, 0, '2级收益奖励', 1),
(514625, 0, 2, '17606651551', '', '41.76000', '0.00000', '0.00000', 1610427463, 0, '3级收益奖励', 1),
(514626, 0, 0, NULL, '17606651551', '0.00000', '220.00000', '10673.20000', 1610427899, 0, '购买Solar photovoltaic（1800W）', 1),
(514627, 0, 2, '17606651551', '18888888888', '20.00000', '0.00000', '27771.88000', 1610427899, 0, '1级购买奖励', 1),
(514628, 0, 2, '17606651551', '', '7.00000', '0.00000', '0.00000', 1610427899, 0, '2级购买奖励', 1),
(514629, 0, 2, '17606651551', '', '4.00000', '0.00000', '0.00000', 1610427899, 0, '3级购买奖励', 1),
(514630, 0, 0, NULL, '17606651551', '0.00000', '3680.00000', '6993.20000', 1610427923, 0, '购买Solar photovoltaic（3700W）', 1),
(514631, 0, 2, '17606651551', '18888888888', '20.00000', '0.00000', '27791.88000', 1610427923, 0, '1级购买奖励', 1),
(514632, 0, 2, '17606651551', '', '7.00000', '0.00000', '0.00000', 1610427923, 0, '2级购买奖励', 1),
(514633, 0, 2, '17606651551', '', '4.00000', '0.00000', '0.00000', 1610427923, 0, '3级购买奖励', 1),
(514634, 0, 0, NULL, '17606651551', '0.00000', '3680.00000', '3313.20000', 1610428092, 0, '购买Solar photovoltaic（3700W）', 1),
(514635, 0, 2, '17606651551', '18888888888', '20.00000', '0.00000', '27811.88000', 1610428092, 0, '1级购买奖励', 1),
(514636, 0, 2, '17606651551', '', '7.00000', '0.00000', '0.00000', 1610428092, 0, '2级购买奖励', 1),
(514637, 0, 2, '17606651551', '', '4.00000', '0.00000', '0.00000', 1610428092, 0, '3级购买奖励', 1),
(514638, 0, 0, NULL, '17606651551', '0.00000', '220.00000', '3093.20000', 1610430062, 0, '购买Solar photovoltaic（1800W）', 1),
(514639, 0, 2, '17606651551', '18888888888', '20.00000', '0.00000', '27831.88000', 1610430062, 0, '1级购买奖励', 1),
(514640, 0, 2, '17606651551', '', '7.00000', '0.00000', '0.00000', 1610430062, 0, '2级购买奖励', 1),
(514641, 0, 2, '17606651551', '', '4.00000', '0.00000', '0.00000', 1610430062, 0, '3级购买奖励', 1),
(514642, 0, 0, NULL, '17606651551', '0.00000', '220.00000', '2873.20000', 1610430480, 0, '购买Solar photovoltaic（1800W）', 1),
(514643, 0, 2, '17606651551', '18888888888', '20.00000', '0.00000', '27851.88000', 1610430480, 0, '1级购买奖励', 1),
(514644, 0, 2, '17606651551', '', '7.00000', '0.00000', '0.00000', 1610430480, 0, '2级购买奖励', 1),
(514645, 0, 2, '17606651551', '', '4.00000', '0.00000', '0.00000', 1610430480, 0, '3级购买奖励', 1),
(514646, 0, 0, NULL, '17606651551', '0.00000', '220.00000', '2653.20000', 1610431485, 0, '购买Solar photovoltaic（1800W）', 1),
(514647, 0, 2, '17606651551', '18888888888', '20.00000', '0.00000', '27871.88000', 1610431485, 0, '1级购买奖励', 1),
(514648, 0, 2, '17606651551', '', '7.00000', '0.00000', '0.00000', 1610431485, 0, '2级购买奖励', 1),
(514649, 0, 2, '17606651551', '', '4.00000', '0.00000', '0.00000', 1610431485, 0, '3级购买奖励', 1),
(514650, 31514, 1, NULL, '18888888888', '835.20000', '0.00000', '28707.08000', 1610443796, 0, '太阳能光伏收益', 1),
(514651, 0, 2, '18888888888', '', '417.60000', '0.00000', '0.00000', 1610443796, 0, '1级收益奖励', 1),
(514652, 0, 2, '18888888888', '', '208.80000', '0.00000', '0.00000', 1610443796, 0, '2级收益奖励', 1),
(514653, 0, 2, '18888888888', '', '41.76000', '0.00000', '0.00000', 1610443796, 0, '3级收益奖励', 1),
(514654, 0, 0, NULL, '18888888888', '0.00000', '220.00000', '28487.08000', 1610443846, 0, 'buySolar photovoltaic（1800W）', 1),
(514655, 0, 2, '18888888888', '0', '12.00000', '0.00000', '0.00000', 1610443846, 0, '1级购买奖励', 1),
(514656, 0, 2, '18888888888', '', '7.00000', '0.00000', '0.00000', 1610443846, 0, '2级购买奖励', 1),
(514657, 0, 2, '18888888888', '', '4.00000', '0.00000', '0.00000', 1610443846, 0, '3级购买奖励', 1),
(514658, 0, 0, NULL, '18888888888', '0.00000', '3680.00000', '24807.08000', 1610444281, 0, 'buySolar photovoltaic（3700W）', 1),
(514659, 0, 2, '18888888888', '0', '12.00000', '0.00000', '0.00000', 1610444281, 0, '1级购买奖励', 1),
(514660, 0, 2, '18888888888', '', '7.00000', '0.00000', '0.00000', 1610444281, 0, '2级购买奖励', 1),
(514661, 0, 2, '18888888888', '', '4.00000', '0.00000', '0.00000', 1610444281, 0, '3级购买奖励', 1),
(514662, 0, 0, NULL, '18888888888', '0.00000', '7880.00000', '16927.08000', 1610445258, 0, 'buySolar photovoltaic（7000W）', 1),
(514663, 0, 2, '18888888888', '0', '12.00000', '0.00000', '0.00000', 1610445258, 0, '1级购买奖励', 1),
(514664, 0, 2, '18888888888', '', '7.00000', '0.00000', '0.00000', 1610445258, 0, '2级购买奖励', 1),
(514665, 0, 2, '18888888888', '', '4.00000', '0.00000', '0.00000', 1610445258, 0, '3级购买奖励', 1),
(514666, 0, 0, NULL, '18888888888', '0.00000', '3680.00000', '13247.08000', 1610445297, 0, 'buySolar photovoltaic（3700W）', 1),
(514667, 0, 2, '18888888888', '0', '12.00000', '0.00000', '0.00000', 1610445297, 0, '1级购买奖励', 1),
(514668, 0, 2, '18888888888', '', '7.00000', '0.00000', '0.00000', 1610445297, 0, '2级购买奖励', 1),
(514669, 0, 2, '18888888888', '', '4.00000', '0.00000', '0.00000', 1610445297, 0, '3级购买奖励', 1),
(514670, 0, 0, NULL, '17606651551', '0.00000', '220.00000', '2433.20000', 1610447818, 0, 'buySolar photovoltaic（1800W）', 1),
(514671, 0, 2, '17606651551', '18888888888', '20.00000', '0.00000', '13267.08000', 1610447818, 0, '1级购买奖励', 1),
(514672, 0, 2, '17606651551', '', '7.00000', '0.00000', '0.00000', 1610447818, 0, '2级购买奖励', 1),
(514673, 0, 2, '17606651551', '', '4.00000', '0.00000', '0.00000', 1610447818, 0, '3级购买奖励', 1),
(514674, 0, 2, NULL, '18888888888', '0.50000', '0.00000', '13267.58000', 1610447818, 0, '1代/ID号158164', 1),
(514675, 0, 0, NULL, '18888888888', '0.00000', '220.00000', '13047.58000', 1610513155, 0, '购买Solar photovoltaic（1800W）', 1),
(514676, 0, 2, '18888888888', '0', '12.00000', '0.00000', '0.00000', 1610513155, 0, '1级购买奖励', 1),
(514677, 0, 2, '18888888888', '', '7.00000', '0.00000', '0.00000', 1610513155, 0, '2级购买奖励', 1),
(514678, 0, 2, '18888888888', '', '4.00000', '0.00000', '0.00000', 1610513155, 0, '3级购买奖励', 1),
(514679, 31526, 1, NULL, '17606651551', '21.51381', '0.00000', '2454.71000', 1610514585, 0, 'Income', 1),
(514680, 0, 2, '17606651551', '18888888888', '10.75691', '0.00000', '13058.34000', 1610514585, 0, '1级收益奖励', 1),
(514681, 0, 2, '17606651551', '', '5.37845', '0.00000', '0.00000', 1610514585, 0, '2级收益奖励', 1),
(514682, 0, 2, '17606651551', '', '1.07569', '0.00000', '0.00000', 1610514585, 0, '3级收益奖励', 1),
(514683, 0, 2, NULL, '18888888888', '0.20000', '0.00000', '13058.54000', 1610514585, 0, '1代/ID号158164', 1),
(514684, 31521, 1, NULL, '17606651551', '26.78053', '0.00000', '2481.49000', 1610514597, 0, 'Income', 1),
(514685, 0, 2, '17606651551', '18888888888', '13.39027', '0.00000', '13071.93000', 1610514597, 0, '1级收益奖励', 1),
(514686, 0, 2, '17606651551', '', '6.69513', '0.00000', '0.00000', 1610514597, 0, '2级收益奖励', 1),
(514687, 0, 2, '17606651551', '', '1.33903', '0.00000', '0.00000', 1610514597, 0, '3级收益奖励', 1),
(514688, 0, 2, NULL, '18888888888', '0.20000', '0.00000', '13072.13000', 1610514597, 0, '1代/ID号158164', 1),
(514689, 31520, 1, NULL, '17606651551', '27.10759', '0.00000', '2508.60000', 1610514607, 0, 'Income', 1),
(514690, 0, 2, '17606651551', '18888888888', '13.55379', '0.00000', '13085.68000', 1610514607, 0, '1级收益奖励', 1),
(514691, 0, 2, '17606651551', '', '6.77690', '0.00000', '0.00000', 1610514607, 0, '2级收益奖励', 1),
(514692, 0, 2, '17606651551', '', '1.35538', '0.00000', '0.00000', 1610514607, 0, '3级收益奖励', 1),
(514693, 0, 2, NULL, '18888888888', '0.20000', '0.00000', '13085.88000', 1610514607, 0, '1代/ID号158164', 1),
(514694, 31525, 1, NULL, '18888888888', '41.06431', '0.00000', '13126.94000', 1610521042, 0, 'Income', 1),
(514695, 0, 2, '18888888888', '', '20.53216', '0.00000', '0.00000', 1610521042, 0, 'Class 1 income reward', 1),
(514696, 0, 2, '18888888888', '', '10.26608', '0.00000', '0.00000', 1610521042, 0, 'Class 2 income reward', 1),
(514697, 0, 2, '18888888888', '', '2.05322', '0.00000', '0.00000', 1610521042, 0, 'Class 3 income reward', 1),
(514698, 31523, 1, NULL, '18888888888', '41.62488', '0.00000', '13168.56000', 1610521060, 0, 'Income', 1),
(514699, 0, 2, '18888888888', '', '20.81244', '0.00000', '0.00000', 1610521060, 0, 'Class 1 income reward', 1),
(514700, 0, 2, '18888888888', '', '10.40622', '0.00000', '0.00000', 1610521060, 0, 'Class 2 income reward', 1),
(514701, 0, 2, '18888888888', '', '2.08124', '0.00000', '0.00000', 1610521060, 0, 'Class 3 income reward', 1),
(514702, 31522, 1, NULL, '18888888888', '24.88168', '0.00000', '13193.44000', 1610521065, 0, 'Income', 1),
(514703, 0, 2, '18888888888', '', '12.44084', '0.00000', '0.00000', 1610521065, 0, 'Class 1 income reward', 1),
(514704, 0, 2, '18888888888', '', '6.22042', '0.00000', '0.00000', 1610521065, 0, 'Class 2 income reward', 1),
(514705, 0, 2, '18888888888', '', '1.24408', '0.00000', '0.00000', 1610521065, 0, 'Class 3 income reward', 1),
(514706, 31524, 1, NULL, '18888888888', '49.64983', '0.00000', '13243.09000', 1610521085, 0, 'Income', 1),
(514707, 0, 2, '18888888888', '', '24.82492', '0.00000', '0.00000', 1610521085, 0, 'Class 1 income reward', 1),
(514708, 0, 2, '18888888888', '', '12.41246', '0.00000', '0.00000', 1610521085, 0, 'Class 2 income reward', 1),
(514709, 0, 2, '18888888888', '', '2.48249', '0.00000', '0.00000', 1610521085, 0, 'Class 3 income reward', 1),
(514710, 31519, 1, NULL, '17606651551', '29.47431', '0.00000', '2538.07000', 1610521534, 0, 'Income', 1),
(514711, 0, 2, '17606651551', '18888888888', '14.73716', '0.00000', '13257.83000', 1610521534, 0, 'Class 1 income reward', 1),
(514712, 0, 2, '17606651551', '', '7.36858', '0.00000', '0.00000', 1610521534, 0, 'Class 2 income reward', 1),
(514713, 0, 2, '17606651551', '', '1.47372', '0.00000', '0.00000', 1610521534, 0, 'Class 3 income reward', 1),
(514714, 0, 2, NULL, '18888888888', '0.20000', '0.00000', '13258.03000', 1610521534, 0, '1代/ID号158164', 1),
(514715, 31518, 1, NULL, '17606651551', '50.66234', '0.00000', '2588.73000', 1610521541, 0, 'Income', 1),
(514716, 0, 2, '17606651551', '18888888888', '25.33117', '0.00000', '13283.36000', 1610521541, 0, 'Class 1 income reward', 1),
(514717, 0, 2, '17606651551', '', '12.66558', '0.00000', '0.00000', 1610521541, 0, 'Class 2 income reward', 1),
(514718, 0, 2, '17606651551', '', '2.53312', '0.00000', '0.00000', 1610521541, 0, 'Class 3 income reward', 1),
(514719, 0, 2, NULL, '18888888888', '0.20000', '0.00000', '13283.56000', 1610521541, 0, '1代/ID号158164', 1),
(514720, 31517, 1, NULL, '17606651551', '50.75613', '0.00000', '2639.49000', 1610521545, 0, 'Income', 1),
(514721, 0, 2, '17606651551', '18888888888', '25.37806', '0.00000', '13308.94000', 1610521545, 0, 'Class 1 income reward', 1),
(514722, 0, 2, '17606651551', '', '12.68903', '0.00000', '0.00000', 1610521545, 0, 'Class 2 income reward', 1),
(514723, 0, 2, '17606651551', '', '2.53781', '0.00000', '0.00000', 1610521545, 0, 'Class 3 income reward', 1),
(514724, 0, 2, NULL, '18888888888', '0.20000', '0.00000', '13309.14000', 1610521545, 0, '1代/ID号158164', 1),
(514725, 0, 0, NULL, '18888888888', '0.00000', '2280.00000', '11029.14000', 1610596395, 0, 'buySolar photovoltaic（3800W）', 1),
(514726, 0, 2, '18888888888', '0', '12.00000', '0.00000', '0.00000', 1610596395, 0, '1 level purchase reward', 1),
(514727, 0, 2, '18888888888', '', '7.00000', '0.00000', '0.00000', 1610596395, 0, 'Level 2 purchase reward', 1),
(514728, 0, 2, '18888888888', '', '4.00000', '0.00000', '0.00000', 1610596395, 0, 'Level 3 purchase reward', 1),
(514729, 0, 0, NULL, '18888888888', '0.00000', '2280.00000', '8749.14000', 1610596400, 0, 'buySolar photovoltaic（3800W）', 1),
(514730, 0, 2, '18888888888', '0', '12.00000', '0.00000', '0.00000', 1610596400, 0, '1 level purchase reward', 1),
(514731, 0, 2, '18888888888', '', '7.00000', '0.00000', '0.00000', 1610596400, 0, 'Level 2 purchase reward', 1),
(514732, 0, 2, '18888888888', '', '4.00000', '0.00000', '0.00000', 1610596400, 0, 'Level 3 purchase reward', 1),
(514733, 31524, 1, NULL, '18888888888', '56.74632', '0.00000', '8805.89000', 1610607750, 0, 'Income', 1),
(514734, 0, 2, '18888888888', '', '28.37316', '0.00000', '0.00000', 1610607750, 0, 'Class 1 income reward', 1),
(514735, 0, 2, '18888888888', '', '14.18658', '0.00000', '0.00000', 1610607750, 0, 'Class 2 income reward', 1),
(514736, 0, 2, '18888888888', '', '2.83732', '0.00000', '0.00000', 1610607750, 0, 'Class 3 income reward', 1),
(514737, 31523, 1, NULL, '18888888888', '47.03326', '0.00000', '8852.92000', 1610607815, 0, 'Income', 1),
(514738, 0, 2, '18888888888', '', '23.51663', '0.00000', '0.00000', 1610607815, 0, 'Class 1 income reward', 1),
(514739, 0, 2, '18888888888', '', '11.75831', '0.00000', '0.00000', 1610607815, 0, 'Class 2 income reward', 1),
(514740, 0, 2, '18888888888', '', '2.35166', '0.00000', '0.00000', 1610607815, 0, 'Class 3 income reward', 1),
(514741, 0, 0, NULL, '18888888888', '0.00000', '550.00000', '8302.92000', 1610612756, 0, 'buySolar photovoltaic（1800W）', 1),
(514742, 0, 2, '18888888888', '0', '12.00000', '0.00000', '0.00000', 1610612756, 0, '1 level purchase reward', 1),
(514743, 0, 2, '18888888888', '', '7.00000', '0.00000', '0.00000', 1610612756, 0, 'Level 2 purchase reward', 1),
(514744, 0, 2, '18888888888', '', '4.00000', '0.00000', '0.00000', 1610612756, 0, 'Level 3 purchase reward', 1),
(514745, 31525, 1, NULL, '18888888888', '49.76943', '0.00000', '8352.69000', 1610612844, 0, 'Income', 1),
(514746, 0, 2, '18888888888', '', '24.88472', '0.00000', '0.00000', 1610612844, 0, 'Class 1 income reward', 1),
(514747, 0, 2, '18888888888', '', '12.44236', '0.00000', '0.00000', 1610612844, 0, 'Class 2 income reward', 1),
(514748, 0, 2, '18888888888', '', '2.48847', '0.00000', '0.00000', 1610612844, 0, 'Class 3 income reward', 1),
(514749, 31527, 1, NULL, '18888888888', '32.12459', '0.00000', '8384.81000', 1610612852, 0, 'Income', 1),
(514750, 0, 2, '18888888888', '', '16.06229', '0.00000', '0.00000', 1610612852, 0, 'Class 1 income reward', 1),
(514751, 0, 2, '18888888888', '', '8.03115', '0.00000', '0.00000', 1610612852, 0, 'Class 2 income reward', 1),
(514752, 0, 2, '18888888888', '', '1.60623', '0.00000', '0.00000', 1610612852, 0, 'Class 3 income reward', 1),
(514753, 31517, 1, NULL, '17606651551', '50.22646', '0.00000', '2689.72000', 1610614190, 0, 'Income', 1),
(514754, 0, 2, '17606651551', '18888888888', '25.11323', '0.00000', '8409.92000', 1610614190, 0, 'Class 1 income reward', 1),
(514755, 0, 2, '17606651551', '', '12.55661', '0.00000', '0.00000', 1610614190, 0, 'Class 2 income reward', 1),
(514756, 0, 2, '17606651551', '', '2.51132', '0.00000', '0.00000', 1610614190, 0, 'Class 3 income reward', 1),
(514757, 0, 2, NULL, '18888888888', '0.20000', '0.00000', '8410.12000', 1610614190, 0, '1代/ID号158164', 1),
(514758, 31526, 1, NULL, '17606651551', '32.09656', '0.00000', '2721.82000', 1610614195, 0, 'Income', 1),
(514759, 0, 2, '17606651551', '18888888888', '16.04828', '0.00000', '8426.17000', 1610614195, 0, 'Class 1 income reward', 1),
(514760, 0, 2, '17606651551', '', '8.02414', '0.00000', '0.00000', 1610614195, 0, 'Class 2 income reward', 1),
(514761, 0, 2, '17606651551', '', '1.60483', '0.00000', '0.00000', 1610614195, 0, 'Class 3 income reward', 1),
(514762, 0, 2, NULL, '18888888888', '0.20000', '0.00000', '8426.37000', 1610614195, 0, '1代/ID号158164', 1),
(514763, 31521, 1, NULL, '17606651551', '32.09462', '0.00000', '2753.91000', 1610614201, 0, 'Income', 1),
(514764, 0, 2, '17606651551', '18888888888', '16.04731', '0.00000', '8442.42000', 1610614201, 0, 'Class 1 income reward', 1),
(514765, 0, 2, '17606651551', '', '8.02366', '0.00000', '0.00000', 1610614201, 0, 'Class 2 income reward', 1),
(514766, 0, 2, '17606651551', '', '1.60473', '0.00000', '0.00000', 1610614201, 0, 'Class 3 income reward', 1),
(514767, 0, 2, NULL, '18888888888', '0.20000', '0.00000', '8442.62000', 1610614201, 0, '1代/ID号158164', 1),
(514768, 31520, 1, NULL, '17606651551', '32.09269', '0.00000', '2786.00000', 1610614206, 0, 'Income', 1),
(514769, 0, 2, '17606651551', '18888888888', '16.04634', '0.00000', '8458.67000', 1610614206, 0, 'Class 1 income reward', 1),
(514770, 0, 2, '17606651551', '', '8.02317', '0.00000', '0.00000', 1610614206, 0, 'Class 2 income reward', 1),
(514771, 0, 2, '17606651551', '', '1.60463', '0.00000', '0.00000', 1610614206, 0, 'Class 3 income reward', 1),
(514772, 0, 2, NULL, '18888888888', '0.20000', '0.00000', '8458.87000', 1610614206, 0, '1代/ID号158164', 1),
(514773, 31519, 1, NULL, '17606651551', '29.86323', '0.00000', '2815.86000', 1610614213, 0, 'Income', 1),
(514774, 0, 2, '17606651551', '18888888888', '14.93162', '0.00000', '8473.80000', 1610614213, 0, 'Class 1 income reward', 1),
(514775, 0, 2, '17606651551', '', '7.46581', '0.00000', '0.00000', 1610614213, 0, 'Class 2 income reward', 1),
(514776, 0, 2, '17606651551', '', '1.49316', '0.00000', '0.00000', 1610614213, 0, 'Class 3 income reward', 1),
(514777, 0, 2, NULL, '18888888888', '0.20000', '0.00000', '8474.00000', 1610614213, 0, '1代/ID号158164', 1),
(514778, 31518, 1, NULL, '17606651551', '50.24543', '0.00000', '2866.11000', 1610614221, 0, 'Income', 1),
(514779, 0, 2, '17606651551', '18888888888', '25.12272', '0.00000', '8499.12000', 1610614221, 0, 'Class 1 income reward', 1),
(514780, 0, 2, '17606651551', '', '12.56136', '0.00000', '0.00000', 1610614221, 0, 'Class 2 income reward', 1),
(514781, 0, 2, '17606651551', '', '2.51227', '0.00000', '0.00000', 1610614221, 0, 'Class 3 income reward', 1),
(514782, 0, 2, NULL, '18888888888', '0.20000', '0.00000', '8499.32000', 1610614221, 0, '1代/ID号158164', 1);

-- --------------------------------------------------------

--
-- 表的结构 `ds_log`
--

CREATE TABLE IF NOT EXISTS `ds_log` (
  `id` int(10) unsigned NOT NULL,
  `logtime` int(10) unsigned NOT NULL DEFAULT '0' COMMENT '操作时间',
  `logaccount` varchar(45) NOT NULL DEFAULT '' COMMENT '操作对应的账号',
  `logip` varchar(100) NOT NULL DEFAULT '' COMMENT '操作者IP',
  `logdesc` varchar(200) NOT NULL DEFAULT '' COMMENT '操作描述',
  `logtype` varchar(10) NOT NULL DEFAULT '' COMMENT '日志类型: member:会员日志 admin:管理员日志',
  `logiplocal` varchar(255) DEFAULT NULL
) ENGINE=MyISAM AUTO_INCREMENT=18757 DEFAULT CHARSET=utf8 AVG_ROW_LENGTH=68 ROW_FORMAT=DYNAMIC COMMENT='系统操作日志';

--
-- 转存表中的数据 `ds_log`
--

INSERT INTO `ds_log` (`id`, `logtime`, `logaccount`, `logip`, `logdesc`, `logtype`, `logiplocal`) VALUES
(18743, 1610601131, '', '183.253.53.32', '会员退出', 'member', '中国移动'),
(18742, 1610600197, 'admin', '34.220.74.172', '管理员[admin]登录', 'admin', '美国德克萨斯州'),
(18741, 1610593191, '', '183.253.53.32', '会员退出', 'member', '中国移动'),
(18740, 1610530635, '17606651551', '34.220.74.172', '修改项目', 'admin', '美国德克萨斯州'),
(18739, 1610520399, '17606651551', '34.220.74.172', '删除一个商品', 'admin', '美国德克萨斯州'),
(18738, 1610520393, '17606651551', '34.220.74.172', '删除一个商品', 'admin', '美国德克萨斯州'),
(18737, 1610520387, '17606651551', '34.220.74.172', '删除一个商品', 'admin', '美国德克萨斯州'),
(18736, 1610516286, 'admin', '34.220.74.172', '管理员[admin]登录', 'admin', '美国德克萨斯州'),
(18735, 1610516236, '', '183.253.53.32', '会员退出', 'member', '中国移动'),
(18734, 1610516220, '', '34.220.74.172', '会员退出', 'member', '美国德克萨斯州'),
(18733, 1610515989, '', '183.253.53.32', '会员退出', 'member', '中国移动'),
(18732, 1610515817, '', '34.220.74.172', '会员退出', 'member', '美国德克萨斯州'),
(18731, 1610515739, '', '34.220.74.172', '会员退出', 'member', '美国德克萨斯州'),
(18730, 1610514870, '', '183.253.53.32', '会员退出', 'member', '中国移动'),
(18729, 1610514091, 'admin', '34.220.74.172', '管理员[admin]登录', 'admin', '美国德克萨斯州'),
(18728, 1610513014, '', '183.253.53.32', '会员退出', 'member', '中国移动'),
(18727, 1610508813, '', '119.131.183.239', '管理员[]清空日志', 'admin', '广东省广州市电信'),
(18744, 1610603123, '', '34.220.74.172', '会员退出', 'member', '美国德克萨斯州'),
(18745, 1610604661, 'admin', '119.131.179.135', '管理员[admin]登录', 'admin', '广东省广州市电信'),
(18746, 1610604696, 'admin', '34.220.74.172', '管理员[admin]登录', 'admin', '美国德克萨斯州'),
(18747, 1610604721, '', '34.220.74.172', '添加了一个新用户', 'admin', '美国德克萨斯州'),
(18748, 1610604743, 'admin', '34.220.74.172', '管理员admin登出', 'admin', '美国德克萨斯州'),
(18749, 1610604756, 'admin1', '34.220.74.172', '管理员[admin1]登录', 'admin', '美国德克萨斯州'),
(18750, 1610609585, 'admin1', '34.220.74.172', '管理员admin1登出', 'admin', '美国德克萨斯州'),
(18751, 1610609596, 'admin', '34.220.74.172', '管理员[admin]登录', 'admin', '美国德克萨斯州'),
(18752, 1610611222, '', '183.253.53.32', '会员退出', 'member', '中国移动'),
(18753, 1610615451, '', '119.131.179.135', '会员退出', 'member', '广东省广州市电信'),
(18754, 1610617431, '', '140.243.168.126', '会员退出', 'member', '福建省联通'),
(18755, 1610617659, '', '140.243.168.126', '会员退出', 'member', '福建省联通'),
(18756, 1611224716, 'admin', '183.253.44.78', '管理员[admin]登录', 'admin', '中国移动');

-- --------------------------------------------------------

--
-- 表的结构 `ds_member`
--

CREATE TABLE IF NOT EXISTS `ds_member` (
  `id` int(11) unsigned NOT NULL,
  `username` varchar(255) CHARACTER SET utf8 COLLATE utf8_bin DEFAULT NULL COMMENT '会员编号',
  `password` varchar(32) DEFAULT NULL COMMENT '一级密码',
  `level` int(4) DEFAULT '0',
  `regaddress` varchar(255) DEFAULT NULL COMMENT 'IP地址',
  `regdate` int(10) DEFAULT NULL COMMENT '注册时间',
  `parent` varchar(255) DEFAULT NULL COMMENT '推荐人',
  `parent_id` int(11) unsigned NOT NULL COMMENT '推荐人ID',
  `pic` varchar(100) NOT NULL COMMENT '头像',
  `jifen` decimal(10,0) DEFAULT '0',
  `erwei` varchar(255) DEFAULT NULL,
  `dongjie` decimal(15,2) DEFAULT '0.00' COMMENT '冻结金额',
  `parentcount` int(11) DEFAULT '0' COMMENT '推荐人数',
  `name` varchar(255) DEFAULT '会员',
  `money` decimal(15,2) unsigned DEFAULT '0.00' COMMENT '金币数量',
  `truename` varchar(255) DEFAULT NULL COMMENT '真实姓名',
  `mobile` varchar(20) DEFAULT NULL COMMENT '手机',
  `logintime` int(10) DEFAULT '0' COMMENT '本次登录时间',
  `gamecount` int(10) DEFAULT '0',
  `robotcount` int(10) DEFAULT '0' COMMENT '机器人总数',
  `logincount` int(10) DEFAULT '0' COMMENT '登录总次数',
  `parentpath` longtext COMMENT '推荐遗传码',
  `online_time` int(10) DEFAULT NULL COMMENT '最后登陆时间',
  `wei` varchar(100) DEFAULT NULL,
  `zhifu` varchar(100) DEFAULT NULL,
  `lock` tinyint(4) DEFAULT NULL COMMENT '锁定'
) ENGINE=MyISAM AUTO_INCREMENT=158165 DEFAULT CHARSET=utf8 AVG_ROW_LENGTH=278 ROW_FORMAT=DYNAMIC COMMENT='会员';

--
-- 转存表中的数据 `ds_member`
--

INSERT INTO `ds_member` (`id`, `username`, `password`, `level`, `regaddress`, `regdate`, `parent`, `parent_id`, `pic`, `jifen`, `erwei`, `dongjie`, `parentcount`, `name`, `money`, `truename`, `mobile`, `logintime`, `gamecount`, `robotcount`, `logincount`, `parentpath`, `online_time`, `wei`, `zhifu`, `lock`) VALUES
(158148, '18888888888', 'e10adc3949ba59abbe56e057f20f883e', 1, '', 1540644377, '', 0, '/public/wx/wx/guanliyuan.jpg', '20', '/Public/erwei/18888888888.png', '-1965.00', 12, '会员42345', '8499.32', '系统管理员', '18888888888', 1611232307, 53, 53, 2201, NULL, 1611293354, '', '/Public/Uploads/1570444737759.jpg', NULL),
(158164, '17606651551', '9ae81abd7711a46a9f0dc1d7b3cbfdf5', 0, '美国', 1562851827, '18888888888', 158148, '', '0', '/Public/erwei/17606651551.png', '0.00', 0, '会员', '2866.11', '张三', '17606651551', 1610610053, 0, 10, 2025, '158148|', 1610615451, NULL, NULL, NULL);

-- --------------------------------------------------------

--
-- 表的结构 `ds_member_award_log`
--

CREATE TABLE IF NOT EXISTS `ds_member_award_log` (
  `id` int(11) NOT NULL,
  `user_id` int(11) NOT NULL,
  `send_type` tinyint(1) NOT NULL,
  `userortype_id` int(11) NOT NULL,
  `send_style` tinyint(1) NOT NULL,
  `num` int(11) NOT NULL,
  `add_time` int(11) NOT NULL
) ENGINE=MyISAM AUTO_INCREMENT=12 DEFAULT CHARSET=utf8 ROW_FORMAT=DYNAMIC;

--
-- 转存表中的数据 `ds_member_award_log`
--

INSERT INTO `ds_member_award_log` (`id`, `user_id`, `send_type`, `userortype_id`, `send_style`, `num`, `add_time`) VALUES
(3, 158148, 1, 0, 1, 2, 1559184215),
(4, 158148, 1, 0, 1, 3, 1559184228),
(5, 158148, 1, 0, 1, 3, 1559184232),
(6, 158148, 1, 0, 1, 3, 1559184235),
(7, 158148, 1, 0, 1, 3, 1559184239),
(8, 158148, 1, 0, 1, 3, 1559184242),
(9, 158148, 1, 0, 1, 3, 1559184245),
(10, 158148, 1, 0, 1, 3, 1559184249),
(11, 158148, 1, 0, 1, 3, 1559184253);

-- --------------------------------------------------------

--
-- 表的结构 `ds_member_recharge`
--

CREATE TABLE IF NOT EXISTS `ds_member_recharge` (
  `r_id` int(11) NOT NULL,
  `order_sn` varchar(100) NOT NULL,
  `fkzh` varchar(255) NOT NULL,
  `user_id` int(11) NOT NULL,
  `gbc` decimal(15,2) NOT NULL,
  `rmb` decimal(15,2) NOT NULL,
  `bili` varchar(30) NOT NULL,
  `status` tinyint(1) NOT NULL DEFAULT '0',
  `pay_type` varchar(30) NOT NULL,
  `note` varchar(100) NOT NULL,
  `add_time` int(11) NOT NULL
) ENGINE=MyISAM DEFAULT CHARSET=utf8 COMMENT='会员充值表';

-- --------------------------------------------------------

--
-- 表的结构 `ds_message`
--

CREATE TABLE IF NOT EXISTS `ds_message` (
  `id` int(10) unsigned NOT NULL,
  `from` varchar(45) NOT NULL DEFAULT '' COMMENT '发件人',
  `pic` varchar(100) DEFAULT NULL COMMENT '头像',
  `truename` varchar(100) DEFAULT NULL,
  `content` text NOT NULL COMMENT '内容',
  `addtime` int(11) unsigned NOT NULL DEFAULT '0' COMMENT '发送时间'
) ENGINE=MyISAM AUTO_INCREMENT=34 DEFAULT CHARSET=utf8 ROW_FORMAT=DYNAMIC COMMENT='站内信息表';

--
-- 转存表中的数据 `ds_message`
--

INSERT INTO `ds_message` (`id`, `from`, `pic`, `truename`, `content`, `addtime`) VALUES
(23, '18888888888', '/public/wx/wx/guanliyuan.jpg', '系统管理员', '1', 1542953506),
(24, '18888888888', '/public/wx/wx/guanliyuan.jpg', '系统管理员', '2', 1543589074),
(25, '18888888888', '/public/wx/wx/guanliyuan.jpg', '系统管理员', '2', 1543589074),
(26, '18888888888', '/public/wx/wx/guanliyuan.jpg', '系统管理员', '2', 1543589074),
(27, '18888888888', '/public/wx/wx/guanliyuan.jpg', '系统管理员', '2', 1543589074),
(28, '18888888888', '/public/wx/wx/guanliyuan.jpg', '系统管理员', '2', 1543589074),
(29, '18888888888', '/public/wx/wx/guanliyuan.jpg', '系统管理员', '111', 1543668403),
(30, '18888888888', '/public/wx/wx/guanliyuan.jpg', '系统管理员', '你好', 1544015924),
(31, '18295756368', '/Public/touxiang/Uploads/touxiang//1544272504520.png', '张碧莹', '在', 1544274836),
(32, '18295756368', '/Public/touxiang/Uploads/touxiang//1544272504520.png', '张碧莹', '在', 1544274836),
(33, '15581920309', '/Public/Uploads/touxiang/1542770980918.png', '乔运虎', 'nihao', 1544274881);

-- --------------------------------------------------------

--
-- 表的结构 `ds_node`
--

CREATE TABLE IF NOT EXISTS `ds_node` (
  `id` smallint(6) unsigned NOT NULL,
  `name` varchar(20) NOT NULL DEFAULT '',
  `title` varchar(50) DEFAULT NULL,
  `status` tinyint(1) DEFAULT '0',
  `remark` varchar(255) DEFAULT NULL,
  `sort` smallint(6) unsigned DEFAULT NULL,
  `pid` smallint(6) unsigned NOT NULL,
  `level` tinyint(1) unsigned NOT NULL
) ENGINE=MyISAM AUTO_INCREMENT=47 DEFAULT CHARSET=utf8 AVG_ROW_LENGTH=35 ROW_FORMAT=DYNAMIC;

--
-- 转存表中的数据 `ds_node`
--

INSERT INTO `ds_node` (`id`, `name`, `title`, `status`, `remark`, `sort`, `pid`, `level`) VALUES
(1, 'systemlogined', '后台应用', 1, '', 1, 0, 1),
(6, 'Rbac', 'Rbac权限控制', 1, '', 6, 1, 2),
(7, 'Index', '后台首页', 1, '', 1, 1, 2),
(10, 'index', '用户列表', 1, '', 1, 6, 3),
(11, 'role', '角色列表', 1, '', 1, 6, 3),
(12, 'node', '节点列表', 1, '', 1, 6, 3),
(16, 'index', '后台首页', 1, '', 1, 7, 3),
(17, 'Member', '会员管理', 1, '', 2, 1, 2),
(18, 'uncheck', '未审核会员', 1, '', 1, 17, 3),
(19, 'check', '会员查询', 1, '', 1, 17, 3),
(20, 'pw_list', '团队排位图', 1, '', 1, 17, 3),
(21, 'shu_list', '团队树形图', 1, '', 1, 17, 3),
(22, 'Jinbidetail', '资金管理', 1, '', 4, 1, 2),
(23, 'index', 'pv明细', 1, '', 1, 22, 3),
(24, 'paylists', '充值管理', 1, '', 1, 22, 3),
(25, 'emoneyWithdraw', '提现管理', 1, '', 1, 22, 3),
(26, 'shop', '商城管理', 1, '', 3, 1, 2),
(27, 'type_list', '分类列表', 1, '', 1, 26, 3),
(28, 'Info', '信息交流', 1, '', 5, 1, 2),
(29, 'announce', '公告管理', 1, '', 1, 28, 3),
(30, 'annType', '公告类别', 1, '', 1, 28, 3),
(31, 'msgReceive', '收件箱', 1, '', 1, 28, 3),
(32, 'msgSend', '发件箱', 1, '', 1, 28, 3),
(33, 'System', '系统设置', 1, '', 7, 1, 2),
(34, 'backUp', '数据备份', 1, '', 1, 33, 3),
(35, 'customSetting', '自定义配置', 1, '', 1, 33, 3),
(36, ' jiangjin', '奖金查询', 1, '', 1, 22, 3),
(37, 'member_group', '会员等级', 1, '', 1, 17, 3),
(38, 'lists', '商品列表', 1, '', 1, 26, 3),
(39, 'orderlist', '订单列表', 1, '', 1, 26, 3),
(40, 'paylist', '零售管理', 1, '', 1, 22, 3),
(41, 'jinzhongzi', '重消明细', 1, '', 1, 22, 3),
(42, 'point', '代金券明细', 1, '', 1, 22, 3),
(43, 'editPay', '零售操作', 1, '', 1, 22, 3),
(44, 'editPays', '充值操作', 1, '', 1, 22, 3),
(45, 'editEmoney', '提现操作', 1, '', 1, 22, 3),
(46, 'editPayhandles', '充值提交操作', 1, '', 1, 22, 3);

-- --------------------------------------------------------

--
-- 表的结构 `ds_order`
--

CREATE TABLE IF NOT EXISTS `ds_order` (
  `id` int(255) unsigned NOT NULL,
  `user` varchar(30) DEFAULT NULL,
  `tuijian` varchar(255) DEFAULT NULL COMMENT '推荐人',
  `user_id` int(11) unsigned NOT NULL,
  `project` varchar(30) DEFAULT NULL,
  `count` decimal(10,2) DEFAULT '0.00',
  `sumprice` decimal(10,2) NOT NULL,
  `addtime` varchar(30) DEFAULT NULL,
  `UG_getTime` int(11) unsigned NOT NULL DEFAULT '0',
  `zt` int(10) NOT NULL DEFAULT '0',
  `sid` int(11) DEFAULT NULL,
  `imagepath` text,
  `yxzq` varchar(60) DEFAULT NULL COMMENT '可运行时间小时',
  `shouyi` decimal(15,8) DEFAULT NULL COMMENT '收益每小时',
  `kjbh` varchar(255) DEFAULT NULL,
  `already_profit` decimal(15,8) NOT NULL COMMENT '已经收益'
) ENGINE=MyISAM AUTO_INCREMENT=31531 DEFAULT CHARSET=utf8 ROW_FORMAT=DYNAMIC;

--
-- 转存表中的数据 `ds_order`
--

INSERT INTO `ds_order` (`id`, `user`, `tuijian`, `user_id`, `project`, `count`, `sumprice`, `addtime`, `UG_getTime`, `zt`, `sid`, `imagepath`, `yxzq`, `shouyi`, `kjbh`, `already_profit`) VALUES
(31514, '18888888888', '', 158148, '太阳能光伏（1800W）', '0.00', '21.00', '2019-10-09 02:44:37', 1610443796, 2, 3, '/Public/Uploads/20191008/5d9ca996ef038.jpg', '720', '1.16000000', 'A096027775', '835.20000000'),
(31515, '17606651551', '18888888888', 158164, '太阳能光伏（1800W）', '0.00', '21.00', '2020-09-28 14:55:23', 1610427463, 2, 3, '/Public/Uploads/20191008/5d9ca996ef038.jpg', '720', '1.16000000', 'A287612393', '835.20000000'),
(31516, '17606651551', '18888888888', 158164, 'Solar photovoltaic（1800W）', '0.00', '220.00', '2021-01-12 13:04:59', 1610427899, 1, 3, '/Public/Uploads/20210112/5ffc7c5f480ec.jpg', '720', '1.16000000', 'A122789944', '0.00000000'),
(31517, '17606651551', '18888888888', 158164, 'Solar photovoltaic（3700W）', '0.00', '3680.00', '2021-01-12 13:05:23', 1610614190, 1, 27, '/Public/Uploads/20210112/5ffc7c4c798d0.jpg', '720', '1.95170000', 'B122792331', '100.98258442'),
(31518, '17606651551', '18888888888', 158164, 'Solar photovoltaic（3700W）', '0.00', '3680.00', '2021-01-12 13:08:12', 1610614221, 1, 27, '/Public/Uploads/20210112/5ffc7c4c798d0.jpg', '720', '1.95170000', 'B122809278', '100.90776925'),
(31519, '17606651551', '18888888888', 158164, 'Solar photovoltaic（1800W）', '0.00', '220.00', '2021-01-12 13:41:02', 1610614213, 1, 3, '/Public/Uploads/20210112/5ffc7c5f480ec.jpg', '720', '1.16000000', 'A123006295', '59.33754444'),
(31520, '17606651551', '18888888888', 158164, 'Solar photovoltaic（1800W）', '0.00', '220.00', '2021-01-12 13:48:00', 1610614205, 1, 3, '/Public/Uploads/20210112/5ffc7c5f480ec.jpg', '720', '1.16000000', 'A123048022', '59.20027778'),
(31521, '17606651551', '18888888888', 158164, 'Solar photovoltaic（1800W）', '0.00', '220.00', '2021-01-12 14:04:45', 1610614201, 1, 3, '/Public/Uploads/20210112/5ffc7c5f480ec.jpg', '720', '1.16000000', 'A123148515', '58.87515555'),
(31522, '18888888888', '', 158148, 'Solar photovoltaic（1800W）', '0.00', '220.00', '2021-01-12 17:30:46', 1610521065, 1, 3, '/Public/Uploads/20210112/5ffc7c5f480ec.jpg', '720', '1.16000000', 'A124384612', '24.88167778'),
(31523, '18888888888', '', 158148, 'Solar photovoltaic（3700W）', '0.00', '3680.00', '2021-01-12 17:38:01', 1610607815, 1, 27, '/Public/Uploads/20210112/5ffc7c4c798d0.jpg', '720', '1.95170000', 'B124428112', '88.65814106'),
(31524, '18888888888', '', 158148, 'Solar photovoltaic（7000W）', '0.00', '7880.00', '2021-01-12 17:54:18', 1610607750, 1, 28, '/Public/Uploads/20210112/5ffc7c30ad364.jpg', '720', '2.35720000', 'A124525808', '106.39615067'),
(31525, '18888888888', '', 158148, 'Solar photovoltaic（3700W）', '0.00', '3680.00', '2021-01-12 17:54:57', 1610612844, 1, 27, '/Public/Uploads/20210112/5ffc7c4c798d0.jpg', '720', '1.95170000', 'B124529757', '90.83374442'),
(31526, '17606651551', '18888888888', 158164, 'Solar photovoltaic（1800W）', '0.00', '220.00', '2021-01-12 18:36:58', 1610614195, 1, 3, '/Public/Uploads/20210112/5ffc7c5f480ec.jpg', '720', '1.16000000', 'A124781894', '53.61036667'),
(31527, '18888888888', '', 158148, 'Solar photovoltaic（1800W）', '0.00', '220.00', '2021-01-13 12:45:55', 1610612852, 1, 3, '/Public/Uploads/20210112/5ffc7c5f480ec.jpg', '720', '1.16000000', 'A131315577', '32.12458889'),
(31528, '18888888888', '', 158148, 'Solar photovoltaic（3800W）', '0.00', '2280.00', '2021-01-14 11:53:15', 1610596395, 1, 31, '/Public/Uploads/20210113/5ffe9a045bdfb.jpg', '720', '0.06254000', 'B149639539', '0.00000000'),
(31529, '18888888888', '', 158148, 'Solar photovoltaic（3800W）', '0.00', '2280.00', '2021-01-14 11:53:20', 1610596400, 1, 31, '/Public/Uploads/20210113/5ffe9a045bdfb.jpg', '720', '0.06254000', 'B149640051', '0.00000000'),
(31530, '18888888888', '', 158148, 'Solar photovoltaic（1800W）', '0.00', '550.00', '2021-01-14 16:25:56', 1610612756, 1, 30, '/Public/Uploads/20210113/5ffe994a190e6.jpg', '720', '0.02136000', 'A141275677', '0.00000000');

-- --------------------------------------------------------

--
-- 表的结构 `ds_paydetail`
--

CREATE TABLE IF NOT EXISTS `ds_paydetail` (
  `id` int(10) unsigned NOT NULL,
  `member` varchar(20) NOT NULL,
  `amount` decimal(10,2) NOT NULL,
  `type` varchar(100) NOT NULL,
  `account` varchar(100) NOT NULL,
  `name` varchar(100) NOT NULL,
  `content` varchar(100) NOT NULL,
  `remark` varchar(100) NOT NULL,
  `addtime` int(11) unsigned NOT NULL,
  `status` tinyint(3) unsigned NOT NULL DEFAULT '0'
) ENGINE=MyISAM DEFAULT CHARSET=utf8 ROW_FORMAT=DYNAMIC;

-- --------------------------------------------------------

--
-- 表的结构 `ds_product`
--

CREATE TABLE IF NOT EXISTS `ds_product` (
  `id` int(10) unsigned NOT NULL,
  `tid` int(11) NOT NULL,
  `title` char(255) NOT NULL,
  `price` decimal(10,2) NOT NULL DEFAULT '0.00',
  `stock` mediumint(9) NOT NULL DEFAULT '0',
  `yxzq` mediumint(8) unsigned NOT NULL DEFAULT '0',
  `shouyi` decimal(15,8) unsigned NOT NULL DEFAULT '0.00000000',
  `thumb` char(255) NOT NULL DEFAULT 'pic.png',
  `content` varchar(255) NOT NULL,
  `pid` int(11) NOT NULL,
  `inputtime` int(11) unsigned NOT NULL,
  `xiangou` int(11) NOT NULL COMMENT '限购',
  `is_on` tinyint(1) DEFAULT '0'
) ENGINE=MyISAM AUTO_INCREMENT=33 DEFAULT CHARSET=utf8 ROW_FORMAT=DYNAMIC;

--
-- 转存表中的数据 `ds_product`
--

INSERT INTO `ds_product` (`id`, `tid`, `title`, `price`, `stock`, `yxzq`, `shouyi`, `thumb`, `content`, `pid`, `inputtime`, `xiangou`, `is_on`) VALUES
(32, 3, 'Solar photovoltaic（7500W）', '5600.00', 88888, 720, '0.12580000', '/Public/Uploads/20210113/5ffe9b9263da4.jpg', '', 0, 1610521490, 100, 0),
(31, 2, 'Solar photovoltaic（3800W）', '2280.00', 88886, 720, '0.06254000', '/Public/Uploads/20210113/5ffe9a045bdfb.jpg', '', 0, 1610521092, 200, 0),
(30, 1, 'Solar photovoltaic（1800W）', '550.00', 88887, 720, '0.02136000', '/Public/Uploads/20210113/5ffe994a190e6.jpg', '', 0, 1610520905, 100, 0);

-- --------------------------------------------------------

--
-- 表的结构 `ds_qjinbidetail`
--

CREATE TABLE IF NOT EXISTS `ds_qjinbidetail` (
  `id` int(11) unsigned NOT NULL,
  `type` tinyint(4) NOT NULL DEFAULT '0',
  `member` varchar(255) DEFAULT '' COMMENT '会员编号',
  `adds` decimal(12,2) unsigned DEFAULT '0.00' COMMENT '添加',
  `reduce` decimal(12,2) unsigned DEFAULT '0.00' COMMENT '减少',
  `balance` decimal(12,2) unsigned DEFAULT '0.00' COMMENT '余额',
  `addtime` int(10) DEFAULT '0' COMMENT '操作时间',
  `statustime` int(11) unsigned NOT NULL DEFAULT '0',
  `desc` varchar(255) DEFAULT '' COMMENT '说明',
  `status` tinyint(4) NOT NULL DEFAULT '1'
) ENGINE=MyISAM AUTO_INCREMENT=6921 DEFAULT CHARSET=utf8 AVG_ROW_LENGTH=68 ROW_FORMAT=DYNAMIC COMMENT='欠钱明细';

--
-- 转存表中的数据 `ds_qjinbidetail`
--

INSERT INTO `ds_qjinbidetail` (`id`, `type`, `member`, `adds`, `reduce`, `balance`, `addtime`, `statustime`, `desc`, `status`) VALUES
(6889, 0, '18888888888', '20.00', '0.00', '0.00', 1542369106, 0, '冻结购买任务金额20', 1),
(6890, 0, '18888888888', '100.00', '0.00', '0.00', 1542385212, 0, '', 1),
(6891, 0, '15581920309', '20.00', '0.00', '0.00', 1542772849, 0, '冻结购买任务金额20', 1),
(6892, 0, '15581920309', '20.00', '0.00', '0.00', 1542773304, 0, '冻结购买任务金额20', 1),
(6893, 0, '15581920309', '20.00', '0.00', '0.00', 1542773368, 0, '冻结购买任务金额20', 1),
(6894, 0, '18888888888', '20.00', '0.00', '0.00', 1542892330, 0, '冻结购买任务金额20', 1),
(6895, 0, '15581920309', '80.00', '0.00', '0.00', 1543027471, 0, '冻结购买任务金额80', 1),
(6896, 0, '18295756368', '20.00', '0.00', '0.00', 1544273892, 0, '冻结购买任务金额20', 1),
(6897, 0, '18903597331', '20.00', '0.00', '0.00', 1544275188, 0, '冻结购买任务金额20', 1),
(6898, 0, '18295756368', '65.00', '0.00', '0.00', 1544276414, 0, ' 提现冻结', 1),
(6899, 0, '18295756368', '3000.00', '0.00', '0.00', 1544276438, 0, ' 提现冻结', 1),
(6900, 0, '18888888888', '111.00', '0.00', '0.00', 1545055012, 0, ' 提现冻结', 1),
(6901, 0, '18888888888', '100.00', '0.00', '0.00', 1545056997, 0, ' 提现冻结', 1),
(6902, 0, '18888888888', '100.00', '0.00', '0.00', 1545282508, 0, ' 提现冻结', 1),
(6903, 0, '18888888888', '0.00', '100.00', '0.00', 1545282632, 0, '提现被拒', 1),
(6904, 0, '18888888888', '0.00', '100.00', '0.00', 1545282820, 0, '提现被拒', 1),
(6905, 0, '18888888888', '200.00', '0.00', '0.00', 1545283407, 0, ' 提现冻结', 1),
(6906, 0, '18888888888', '100.00', '0.00', '0.00', 1545284220, 0, ' 提现冻结', 1),
(6907, 0, '18888888888', '50.00', '0.00', '0.00', 1545365284, 0, ' 提现冻结', 1),
(6908, 0, '18888888888', '500.00', '0.00', '0.00', 1545381918, 0, ' 提现冻结', 1),
(6909, 0, '18888888888', '0.00', '500.00', '0.00', 1545382196, 0, '提现被拒', 1),
(6910, 0, '18888888888', '600.00', '0.00', '0.00', 1545382202, 0, ' 提现冻结', 1),
(6911, 0, '18888888888', '500.00', '0.00', '0.00', 1545382407, 0, ' 提现冻结', 1),
(6912, 0, '18888888888', '500.00', '0.00', '0.00', 1545382437, 0, ' 提现冻结', 1),
(6913, 0, '18888888888', '500.00', '0.00', '0.00', 1545382475, 0, ' 提现冻结', 1),
(6914, 0, '18888888888', '500.00', '0.00', '0.00', 1545382985, 0, ' 提现冻结', 1),
(6915, 0, '18888888888', '500.00', '0.00', '0.00', 1545383003, 0, ' 提现冻结', 1),
(6916, 0, '18888888888', '500.00', '0.00', '0.00', 1545383024, 0, ' 提现冻结', 1),
(6917, 0, '18888888888', '50.00', '0.00', '0.00', 1559197430, 0, ' 提现冻结', 1),
(6918, 0, '13073884398', '50.00', '0.00', '0.00', 1561200485, 0, ' 提现冻结', 1),
(6919, 0, '18888888888', '1000.00', '0.00', '0.00', 1570444765, 0, ' 提现冻结', 1),
(6920, 0, '18888888888', '50.00', '0.00', '0.00', 1570445166, 0, ' 提现冻结', 1);

-- --------------------------------------------------------

--
-- 表的结构 `ds_session`
--

CREATE TABLE IF NOT EXISTS `ds_session` (
  `session_id` varchar(255) NOT NULL DEFAULT '',
  `session_expire` int(11) NOT NULL,
  `session_data` blob
) ENGINE=MyISAM DEFAULT CHARSET=utf8 AVG_ROW_LENGTH=196 ROW_FORMAT=DYNAMIC;

-- --------------------------------------------------------

--
-- 表的结构 `ds_sms_log`
--

CREATE TABLE IF NOT EXISTS `ds_sms_log` (
  `id` int(11) NOT NULL COMMENT '表id',
  `mobile` varchar(11) DEFAULT '' COMMENT '手机号',
  `session_id` varchar(128) DEFAULT '' COMMENT 'session_id',
  `add_time` int(11) DEFAULT '0' COMMENT '发送时间',
  `code` varchar(10) DEFAULT '' COMMENT '验证码'
) ENGINE=MyISAM AUTO_INCREMENT=24680 DEFAULT CHARSET=utf8 ROW_FORMAT=DYNAMIC;

--
-- 转存表中的数据 `ds_sms_log`
--

INSERT INTO `ds_sms_log` (`id`, `mobile`, `session_id`, `add_time`, `code`) VALUES
(24646, '15581920309', '99fon7sc25938f77nq1a2eac56', 1542770867, '2732'),
(24647, '18035982029', 'l5drgugtkfpjogi3casmac6u51', 1543292247, '9159'),
(24644, '18903597331', '5h6tcf1ovvuglkqj4pf836m9f6', 1542770538, '9176'),
(24645, '13103598345', '5h6tcf1ovvuglkqj4pf836m9f6', 1542770554, '9176'),
(24648, '18295756368', '8dd9cf3ea1fb3c63c6a774c0c587a84e', 1543641363, '5421'),
(24649, '18295756368', '8dd9cf3ea1fb3c63c6a774c0c587a84e', 1543642112, '6573'),
(24650, '18295756368', '8dd9cf3ea1fb3c63c6a774c0c587a84e', 1543973499, '7515'),
(24651, '18295756368', 'mg9qikmitst5js9cshqbeq81g4', 1544272379, '9569'),
(24652, '13753904686', 'p28cpmec2gm4ruo3th1vvpn682', 1544275027, '4245'),
(24653, '15581920309', 'a59u36jaac9k2c4qc3bd18t705', 1544342262, '5044'),
(24654, '13617334190', '18gr38j1dm24681hs8efq739c3', 1544354674, '7402'),
(24655, '13103598345', '25m261kmrns150f6u0qc73cej2', 1545139653, '7132'),
(24656, '18903597331', '25m261kmrns150f6u0qc73cej2', 1545158190, '6246'),
(24657, '18903597333', '25m261kmrns150f6u0qc73cej2', 1545159900, '8307'),
(24658, '13073884398', 'cqebq8d5hcklum6k66agbd6d61', 1559430748, '8217'),
(24659, '18718287351', 'cqebq8d5hcklum6k66agbd6d61', 1559431078, '8882'),
(24660, '13073884398', 'cqebq8d5hcklum6k66agbd6d61', 1559431185, '4883'),
(24661, '18718287351', 'cqebq8d5hcklum6k66agbd6d61', 1559431297, '4877'),
(24662, '13073884398', 'cqebq8d5hcklum6k66agbd6d61', 1559431394, '3187'),
(24663, '18718287351', 'cqebq8d5hcklum6k66agbd6d61', 1559431513, '6270'),
(24664, '18718287351', '1ctc0lascko7dcqi1e730ku496', 1561293331, '7359'),
(24665, '13073884398', '1ctc0lascko7dcqi1e730ku496', 1561293449, '4108'),
(24666, '18824438888', '1ctc0lascko7dcqi1e730ku496', 1561293494, '1021'),
(24667, '18718287351', '1ctc0lascko7dcqi1e730ku496', 1561294003, '8789'),
(24668, '13073884398', '1ctc0lascko7dcqi1e730ku496', 1561294095, '8005'),
(24669, '18718287351', '1ctc0lascko7dcqi1e730ku496', 1561294215, '4904'),
(24670, '13073884398', '1ctc0lascko7dcqi1e730ku496', 1561294290, '6568'),
(24671, '18718287351', '1ctc0lascko7dcqi1e730ku496', 1561294409, '2001'),
(24672, '13073884398', '1ctc0lascko7dcqi1e730ku496', 1561294493, '4157'),
(24673, '18718287351', '1ctc0lascko7dcqi1e730ku496', 1561294602, '7896'),
(24674, '13073884398', '1ctc0lascko7dcqi1e730ku496', 1561295575, '4547'),
(24675, '17832092666', '1ctc0lascko7dcqi1e730ku496', 1561295679, '8326'),
(24676, '17832092666', '1ctc0lascko7dcqi1e730ku496', 1561296264, '3855'),
(24677, '17606651551', 'v441cdmrmi05kuui74uhps1ji4', 1562851811, '2327'),
(24678, '13112215717', 'l0nksot627db73qabqei9ek1o7', 1610328246, '6693'),
(24679, '18750281432', '5chmjm6mg6s0aijo5r55p1tok4', 1610521690, '9866');

-- --------------------------------------------------------

--
-- 表的结构 `ds_type`
--

CREATE TABLE IF NOT EXISTS `ds_type` (
  `id` int(11) NOT NULL,
  `name` char(32) NOT NULL,
  `pid` int(11) NOT NULL DEFAULT '0',
  `path` char(30) NOT NULL DEFAULT '0'
) ENGINE=MyISAM AUTO_INCREMENT=27 DEFAULT CHARSET=utf8 ROW_FORMAT=DYNAMIC;

--
-- 转存表中的数据 `ds_type`
--

INSERT INTO `ds_type` (`id`, `name`, `pid`, `path`) VALUES
(1, 'A', 0, '0'),
(2, 'B', 0, '0'),
(3, 'C', 0, '0'),
(4, 'D', 0, '0'),
(5, 'E', 0, '0'),
(6, 'F', 0, '0'),
(7, 'G', 0, '0'),
(8, 'H', 0, '0'),
(9, 'I', 0, '0'),
(10, 'J', 0, '0'),
(11, 'K', 0, '0'),
(12, 'L', 0, '0'),
(13, 'M', 0, '0'),
(14, 'N', 0, '0'),
(15, 'O', 0, '0'),
(16, 'P', 0, '0'),
(17, 'Q', 0, '0'),
(18, 'R', 0, '0'),
(19, 'S', 0, '0'),
(20, 'T', 0, '0'),
(21, 'U', 0, '0'),
(22, 'V', 0, '0'),
(23, 'W', 0, '0'),
(24, 'X', 0, '0'),
(25, 'Y', 0, '0'),
(26, 'Z', 0, '0');

-- --------------------------------------------------------

--
-- 表的结构 `ds_user`
--

CREATE TABLE IF NOT EXISTS `ds_user` (
  `id` int(10) unsigned NOT NULL,
  `username` char(20) NOT NULL DEFAULT '',
  `password` char(32) NOT NULL DEFAULT '',
  `logtime` int(10) NOT NULL,
  `loginip` char(30) NOT NULL DEFAULT '',
  `lock` tinyint(1) unsigned NOT NULL
) ENGINE=MyISAM AUTO_INCREMENT=3 DEFAULT CHARSET=utf8 AVG_ROW_LENGTH=256 ROW_FORMAT=DYNAMIC;

--
-- 转存表中的数据 `ds_user`
--

INSERT INTO `ds_user` (`id`, `username`, `password`, `logtime`, `loginip`, `lock`) VALUES
(1, 'admin', 'e10adc3949ba59abbe56e057f20f883e', 1611224716, '183.253.44.78', 0),
(2, 'admin1', 'e10adc3949ba59abbe56e057f20f883e', 1610604756, '34.220.74.172', 0);

-- --------------------------------------------------------

--
-- 表的结构 `ds_xiangmu`
--

CREATE TABLE IF NOT EXISTS `ds_xiangmu` (
  `id` int(10) unsigned NOT NULL,
  `title` char(60) NOT NULL DEFAULT '' COMMENT '标题',
  `content` text NOT NULL COMMENT '内容',
  `addtime` int(10) unsigned NOT NULL DEFAULT '0' COMMENT '添加时间',
  `edittime` int(10) unsigned NOT NULL DEFAULT '0' COMMENT '修改时间'
) ENGINE=MyISAM AUTO_INCREMENT=151 DEFAULT CHARSET=utf8 AVG_ROW_LENGTH=755 ROW_FORMAT=DYNAMIC COMMENT='公告信息表';

--
-- 转存表中的数据 `ds_xiangmu`
--

INSERT INTO `ds_xiangmu` (`id`, `title`, `content`, `addtime`, `edittime`) VALUES
(1, 'First Solar''s Photovoltaic Technology Completes 25 Years of', '<img class="illustration " src="https://idtxs3.imgix.net/si/40000/7A/4D.jpg?w=800" style="width:694px;" /><span style="color:#444444;font-family:Roboto, &quot;font-size:14.4px;background-color:#FFFFFF;"></span>\r\n<div class="article-content" style="color:#444444;font-family:Roboto, &quot;background-color:#FFFFFF;font-size:1.25em !important;">\r\n	<div class="text" style="font-size:0.9em;">\r\n		<p>\r\n			<div>\r\n				Determining how many years a solar panel will last can take, well, years. Intended to function for 25 years or more, solar panels must be made to withstand the elements. In some cases, panels continue working well after their planned operational lifetime. Nowhere is this more evident than on the sunny hillside in Golden, Colorado, where the&nbsp;<a class="ref ref13" href="https://www.idtechex.com/en/timeline/national-renewable-energy-laboratory-nrel/c4150" target="_blank">National Renewable Energy Laboratory</a>&nbsp;(<a class="ref ref14" href="https://www.offgridenergyindependence.com/glossary/355/nrel" target="_blank">NREL</a>) operates the Outdoor Test Facility (OTF).\r\n			</div>\r\n			<p>\r\n				The OTF continues to run tests on&nbsp;<a class="ref ref14" href="https://www.offgridenergyindependence.com/glossary/426/photovoltaic" target="_blank">photovoltaic</a>&nbsp;(PV) panels made by companies still very much interested in the outcome. The OTF is equipped to perform accelerated testing on PV panels, which discovers problems in their design or in the materials used, said Dirk Jordan, a physicist who is a senior engineer at NREL. However, it is difficult to make long-term performance and degradation predictions for different environments with accelerated testing only. Multi-year outdoor testing is used to complement and validate accelerated testing. That is critical feedback to give to the manufacturer. Jordan studies the long-term performance of PV systems and analyzes the physics and chemistry of changes. For further information see the IDTechEx report on&nbsp;<a href="https://www.idtechex.com/en/research-report/energy-harvesting-microwatt-to-gigawatt-opportunities-2020-2040/756" target="_blank">Energy Harvesting Microwatt to Gigawatt: Opportunities 2020-2040</a>.\r\n			</p>\r\n			<p>\r\n				<br />\r\n			</p>\r\n			<div>\r\n				The gallery includes a cadmium telluride (CdTe) panel, a competitive solar technology developed at NREL with First Solar Inc, a publicly held PV manufacturer based in Arizona. In the early 1990s, the&nbsp;<a class="ref ref13" href="https://www.idtechex.com/en/timeline/us-department-of-energy/c46628" target="_blank">U.S. Department of Energy</a>, which oversees NREL, funded initial research into CdTe as a solar material and tasked scientists at the laboratory with the project. Among the companies participating in researching the use of CdTe for solar panels was Solar Cells Inc, which later became First Solar. The use of CdTe allows First Solar to manufacture PV panels more quickly, at a lower cost, and with a lower carbon footprint than silicon. CdTe solar panels are the second most common solar technology in the world after silicon, and they are widely used for utility-scale power generation.\r\n			</div>\r\n			<div>\r\n				&nbsp;\r\n			</div>\r\n			<div>\r\n				First Solar''s technology reached a milestone at NREL this year after 25 years of continuously monitored performance testing; becoming the longest-running research project at the OTF.\r\n			</div>\r\n			<div>\r\n				&nbsp;\r\n			</div>\r\n			<div>\r\n				<i>"This NREL-developed technology resulted in a domestic manufacturing success story,"</i>&nbsp;said Stephen Gorin, director of strategic partnerships for Materials, Chemical, and Computational Science at NREL.&nbsp;<i>"Silicon manufacturing has all moved out of the United States, while First Solar has emerged as company with several billion dollars in revenue a year."</i>\r\n			</div>\r\n			<div>\r\n				&nbsp;\r\n			</div>\r\n			<div>\r\n				Ben Kroposki, an electrical engineer who has worked at NREL for 27 years, installed the initial PV modules for First Solar at the OTF.&nbsp;<i>"We always intended to keep the modules/arrays installed at the OTF as long as the technologies were relevant to get very long-term reliability data,"</i>&nbsp;he said. Kroposki, now director of NREL''s Power Systems Engineering Center, conducted some of the initial analysis of how the CdTe solar panels performed.\r\n			</div>\r\n			<div>\r\n				&nbsp;\r\n			</div>\r\n			<div>\r\n				A key metric of the performance of a solar cell is how long it will last. Solar cells lose efficiency over time. Having a measurement of that change enables manufacturers to offer a warranty on their panels. The initial studies on First Solar''s panels revealed that after five years, the company''s performance loss amounted to a relative 0.6% a year and their stability compared favorably to silicon modules.\r\n			</div>\r\n			<div>\r\n				&nbsp;\r\n			</div>\r\n			<div>\r\n				Now, a quarter-century after the installation, the long-term study revealed a degradation rate of 0.5% a year, meaning the energy conversion efficiency of the panels was around 88% of the performance when it was first installed.\r\n			</div>\r\n			<div>\r\n				&nbsp;\r\n			</div>\r\n			<div>\r\n				The initial absolute efficiency of the PV array installed in 1995 was low by today''s standards. But since then, Arizona-headquartered First Solar has steadily set and broken world records for efficiency. First Solar set the standing record for a CdTe solar cell, at 22.1%, in 2016. First Solar and NREL have continued to collaborate on developing CdTe solar cells, most recently publishing a paper last year that made a fundamental improvement by removing copper from the cells and unlocking further gains.­\r\n			</div>\r\n			<div>\r\n				&nbsp;\r\n			</div>\r\n			<div class="ad ad-wide ajaxrepcompleted">\r\n			</div>\r\n			<div>\r\n				&nbsp;\r\n			</div>\r\n			<div>\r\n				First Solar, which now operates the Western Hemisphere''s largest solar manufacturing footprint in Ohio as well as factories in Malaysia and Vietnam, is not selling the model of PV panels in operation at the OTF, so why does the ongoing research matter? Nick Strevel, the company''s vice president of product management, said the information gained has enabled First Solar to have greater confidence in its product. The encapsulation layer, for instance, which shields the semiconductor, is a 25-year-old technology proven to stop known thin-film defects such as corrosion.\r\n			</div>\r\n			<div>\r\n				&nbsp;\r\n			</div>\r\n			<div>\r\n				<i>"Our product encapsulation technology and materials today are far superior,"</i>&nbsp;Strevel said.&nbsp;<i>"This helps us understand a legacy performance baseline and provides further confidence in the superior long-term durability and long-term degradation performance of today''s product."</i>\r\n			</div>\r\n			<div>\r\n				&nbsp;\r\n			</div>\r\n			<div>\r\n				Lou Trippel, director of product management for First Solar, said the lessons the company has learned from the experience at NREL&nbsp;<i>"provided incremental confidence to help support a recently announced extension of our module power output warranty"</i>&nbsp;from 25 years to 30 years.\r\n			</div>\r\n		</p>\r\n	</div>\r\n</div>', 1542525927, 1610530635);

--
-- Indexes for dumped tables
--

--
-- Indexes for table `codepay_order`
--
ALTER TABLE `codepay_order`
  ADD PRIMARY KEY (`id`),
  ADD UNIQUE KEY `main` (`pay_id`,`pay_time`,`money`,`type`,`pay_tag`),
  ADD UNIQUE KEY `pay_no` (`pay_no`,`type`);

--
-- Indexes for table `codepay_user`
--
ALTER TABLE `codepay_user`
  ADD PRIMARY KEY (`id`);

--
-- Indexes for table `ds_announce`
--
ALTER TABLE `ds_announce`
  ADD PRIMARY KEY (`id`),
  ADD KEY `tid` (`tid`);

--
-- Indexes for table `ds_announcetype`
--
ALTER TABLE `ds_announcetype`
  ADD PRIMARY KEY (`id`);

--
-- Indexes for table `ds_announce_click`
--
ALTER TABLE `ds_announce_click`
  ADD PRIMARY KEY (`id`);

--
-- Indexes for table `ds_auth_group`
--
ALTER TABLE `ds_auth_group`
  ADD PRIMARY KEY (`id`);

--
-- Indexes for table `ds_auth_group_access`
--
ALTER TABLE `ds_auth_group_access`
  ADD UNIQUE KEY `uid_group_id` (`uid`,`group_id`),
  ADD KEY `uid` (`uid`),
  ADD KEY `group_id` (`group_id`);

--
-- Indexes for table `ds_auth_rule`
--
ALTER TABLE `ds_auth_rule`
  ADD PRIMARY KEY (`id`),
  ADD UNIQUE KEY `name` (`name`);

--
-- Indexes for table `ds_bankcard`
--
ALTER TABLE `ds_bankcard`
  ADD PRIMARY KEY (`id`);

--
-- Indexes for table `ds_banner`
--
ALTER TABLE `ds_banner`
  ADD PRIMARY KEY (`id`);

--
-- Indexes for table `ds_complete`
--
ALTER TABLE `ds_complete`
  ADD PRIMARY KEY (`id`),
  ADD KEY `username` (`username`);

--
-- Indexes for table `ds_emoneydetail`
--
ALTER TABLE `ds_emoneydetail`
  ADD PRIMARY KEY (`id`);

--
-- Indexes for table `ds_jinbidetail`
--
ALTER TABLE `ds_jinbidetail`
  ADD PRIMARY KEY (`id`),
  ADD KEY `type` (`type`),
  ADD KEY `member` (`member`),
  ADD KEY `jid` (`jid`),
  ADD KEY `addtime` (`addtime`);

--
-- Indexes for table `ds_log`
--
ALTER TABLE `ds_log`
  ADD PRIMARY KEY (`id`),
  ADD KEY `logtype` (`logtype`);

--
-- Indexes for table `ds_member`
--
ALTER TABLE `ds_member`
  ADD PRIMARY KEY (`id`),
  ADD KEY `username` (`username`),
  ADD KEY `parent` (`parent`);

--
-- Indexes for table `ds_member_award_log`
--
ALTER TABLE `ds_member_award_log`
  ADD PRIMARY KEY (`id`);

--
-- Indexes for table `ds_member_recharge`
--
ALTER TABLE `ds_member_recharge`
  ADD PRIMARY KEY (`r_id`);

--
-- Indexes for table `ds_message`
--
ALTER TABLE `ds_message`
  ADD PRIMARY KEY (`id`);

--
-- Indexes for table `ds_node`
--
ALTER TABLE `ds_node`
  ADD PRIMARY KEY (`id`),
  ADD KEY `level` (`level`),
  ADD KEY `name` (`name`),
  ADD KEY `pid` (`pid`),
  ADD KEY `status` (`status`);

--
-- Indexes for table `ds_order`
--
ALTER TABLE `ds_order`
  ADD PRIMARY KEY (`id`);

--
-- Indexes for table `ds_paydetail`
--
ALTER TABLE `ds_paydetail`
  ADD PRIMARY KEY (`id`);

--
-- Indexes for table `ds_product`
--
ALTER TABLE `ds_product`
  ADD PRIMARY KEY (`id`);

--
-- Indexes for table `ds_qjinbidetail`
--
ALTER TABLE `ds_qjinbidetail`
  ADD PRIMARY KEY (`id`),
  ADD KEY `type` (`type`),
  ADD KEY `member` (`member`);

--
-- Indexes for table `ds_session`
--
ALTER TABLE `ds_session`
  ADD UNIQUE KEY `session_id` (`session_id`);

--
-- Indexes for table `ds_sms_log`
--
ALTER TABLE `ds_sms_log`
  ADD PRIMARY KEY (`id`);

--
-- Indexes for table `ds_type`
--
ALTER TABLE `ds_type`
  ADD PRIMARY KEY (`id`);

--
-- Indexes for table `ds_user`
--
ALTER TABLE `ds_user`
  ADD PRIMARY KEY (`id`),
  ADD UNIQUE KEY `username` (`username`);

--
-- Indexes for table `ds_xiangmu`
--
ALTER TABLE `ds_xiangmu`
  ADD PRIMARY KEY (`id`);

--
-- AUTO_INCREMENT for dumped tables
--

--
-- AUTO_INCREMENT for table `codepay_order`
--
ALTER TABLE `codepay_order`
  MODIFY `id` int(11) unsigned NOT NULL AUTO_INCREMENT,AUTO_INCREMENT=97;
--
-- AUTO_INCREMENT for table `codepay_user`
--
ALTER TABLE `codepay_user`
  MODIFY `id` int(10) NOT NULL AUTO_INCREMENT COMMENT '用户ID',AUTO_INCREMENT=2;
--
-- AUTO_INCREMENT for table `ds_announce`
--
ALTER TABLE `ds_announce`
  MODIFY `id` int(10) unsigned NOT NULL AUTO_INCREMENT,AUTO_INCREMENT=152;
--
-- AUTO_INCREMENT for table `ds_announcetype`
--
ALTER TABLE `ds_announcetype`
  MODIFY `id` int(10) unsigned NOT NULL AUTO_INCREMENT COMMENT '类别ID',AUTO_INCREMENT=13;
--
-- AUTO_INCREMENT for table `ds_announce_click`
--
ALTER TABLE `ds_announce_click`
  MODIFY `id` int(11) unsigned NOT NULL AUTO_INCREMENT,AUTO_INCREMENT=131519;
--
-- AUTO_INCREMENT for table `ds_auth_group`
--
ALTER TABLE `ds_auth_group`
  MODIFY `id` mediumint(8) unsigned NOT NULL AUTO_INCREMENT,AUTO_INCREMENT=11;
--
-- AUTO_INCREMENT for table `ds_auth_rule`
--
ALTER TABLE `ds_auth_rule`
  MODIFY `id` mediumint(8) unsigned NOT NULL AUTO_INCREMENT,AUTO_INCREMENT=92;
--
-- AUTO_INCREMENT for table `ds_bankcard`
--
ALTER TABLE `ds_bankcard`
  MODIFY `id` int(11) NOT NULL AUTO_INCREMENT,AUTO_INCREMENT=824;
--
-- AUTO_INCREMENT for table `ds_banner`
--
ALTER TABLE `ds_banner`
  MODIFY `id` int(11) NOT NULL AUTO_INCREMENT,AUTO_INCREMENT=8;
--
-- AUTO_INCREMENT for table `ds_complete`
--
ALTER TABLE `ds_complete`
  MODIFY `id` int(11) unsigned NOT NULL AUTO_INCREMENT,AUTO_INCREMENT=20115;
--
-- AUTO_INCREMENT for table `ds_emoneydetail`
--
ALTER TABLE `ds_emoneydetail`
  MODIFY `id` int(10) unsigned NOT NULL AUTO_INCREMENT,AUTO_INCREMENT=29;
--
-- AUTO_INCREMENT for table `ds_jinbidetail`
--
ALTER TABLE `ds_jinbidetail`
  MODIFY `id` int(11) unsigned NOT NULL AUTO_INCREMENT,AUTO_INCREMENT=514783;
--
-- AUTO_INCREMENT for table `ds_log`
--
ALTER TABLE `ds_log`
  MODIFY `id` int(10) unsigned NOT NULL AUTO_INCREMENT,AUTO_INCREMENT=18757;
--
-- AUTO_INCREMENT for table `ds_member`
--
ALTER TABLE `ds_member`
  MODIFY `id` int(11) unsigned NOT NULL AUTO_INCREMENT,AUTO_INCREMENT=158165;
--
-- AUTO_INCREMENT for table `ds_member_award_log`
--
ALTER TABLE `ds_member_award_log`
  MODIFY `id` int(11) NOT NULL AUTO_INCREMENT,AUTO_INCREMENT=12;
--
-- AUTO_INCREMENT for table `ds_member_recharge`
--
ALTER TABLE `ds_member_recharge`
  MODIFY `r_id` int(11) NOT NULL AUTO_INCREMENT;
--
-- AUTO_INCREMENT for table `ds_message`
--
ALTER TABLE `ds_message`
  MODIFY `id` int(10) unsigned NOT NULL AUTO_INCREMENT,AUTO_INCREMENT=34;
--
-- AUTO_INCREMENT for table `ds_node`
--
ALTER TABLE `ds_node`
  MODIFY `id` smallint(6) unsigned NOT NULL AUTO_INCREMENT,AUTO_INCREMENT=47;
--
-- AUTO_INCREMENT for table `ds_order`
--
ALTER TABLE `ds_order`
  MODIFY `id` int(255) unsigned NOT NULL AUTO_INCREMENT,AUTO_INCREMENT=31531;
--
-- AUTO_INCREMENT for table `ds_paydetail`
--
ALTER TABLE `ds_paydetail`
  MODIFY `id` int(10) unsigned NOT NULL AUTO_INCREMENT;
--
-- AUTO_INCREMENT for table `ds_product`
--
ALTER TABLE `ds_product`
  MODIFY `id` int(10) unsigned NOT NULL AUTO_INCREMENT,AUTO_INCREMENT=33;
--
-- AUTO_INCREMENT for table `ds_qjinbidetail`
--
ALTER TABLE `ds_qjinbidetail`
  MODIFY `id` int(11) unsigned NOT NULL AUTO_INCREMENT,AUTO_INCREMENT=6921;
--
-- AUTO_INCREMENT for table `ds_sms_log`
--
ALTER TABLE `ds_sms_log`
  MODIFY `id` int(11) NOT NULL AUTO_INCREMENT COMMENT '表id',AUTO_INCREMENT=24680;
--
-- AUTO_INCREMENT for table `ds_type`
--
ALTER TABLE `ds_type`
  MODIFY `id` int(11) NOT NULL AUTO_INCREMENT,AUTO_INCREMENT=27;
--
-- AUTO_INCREMENT for table `ds_user`
--
ALTER TABLE `ds_user`
  MODIFY `id` int(10) unsigned NOT NULL AUTO_INCREMENT,AUTO_INCREMENT=3;
--
-- AUTO_INCREMENT for table `ds_xiangmu`
--
ALTER TABLE `ds_xiangmu`
  MODIFY `id` int(10) unsigned NOT NULL AUTO_INCREMENT,AUTO_INCREMENT=151;
/*!40101 SET CHARACTER_SET_CLIENT=@OLD_CHARACTER_SET_CLIENT */;
/*!40101 SET CHARACTER_SET_RESULTS=@OLD_CHARACTER_SET_RESULTS */;
/*!40101 SET COLLATION_CONNECTION=@OLD_COLLATION_CONNECTION */;
